Ad set name,Age,Gender,Day,Campaign name,Result Type,Results,Impressions,Cost per result,Amount spent (MYR),Adds to cart,Website adds to cart,Adds to cart conversion value,Website adds to cart conversion value,Purchase ROAS (return on ad spend),Website purchase ROAS (return on advertising spend),Purchases,Website purchases,Sales,Website purchases conversion value,Reach,Reporting starts,Reporting ends
,,,,,Website purchases,167,693462,53.35473054,8910.24,494,494,75556,75556,4.788429941,4.78842994,167,167,42666.06,42666.06,164428,1/1/2021,14/2/2021
KB Lookalike Audience  8%,45-54,female,14/2/2021,KB | Chinese New Year | Jan(13 - 26),,,1083,,18.87,,,,,,,,,,,816,14/2/2021,14/2/2021
KB Lookalike Audience  8%,35-44,unknown,14/2/2021,KB | Chinese New Year | Jan(13 - 26),,,243,,2.64,,,,,,,,,,,168,14/2/2021,14/2/2021
KB Lookalike Audience  8%,25-34,male,14/2/2021,KB | Chinese New Year | Jan(13 - 26),Website purchases,2,16512,49.41,98.82,9,9,1749.8,1749.8,7.338595426,7.33859543,2,2,725.2,725.2,12608,14/2/2021,14/2/2021
KB Lookalike Audience  8%,65+,unknown,14/2/2021,KB | Chinese New Year | Jan(13 - 26),,,1,,0,,,,,,,,,,,0,14/2/2021,14/2/2021
KB Lookalike Audience  8%,45-54,unknown,14/2/2021,KB | Chinese New Year | Jan(13 - 26),,,94,,1.69,,,,,,,,,,,56,14/2/2021,14/2/2021
KB Lookalike Audience  8%,65+,female,14/2/2021,KB | Chinese New Year | Jan(13 - 26),,,51,,1.22,,,,,,,,,,,40,14/2/2021,14/2/2021
KB Lookalike Audience  8%,65+,male,14/2/2021,KB | Chinese New Year | Jan(13 - 26),,,151,,0.84,,,,,,,,,,,151,14/2/2021,14/2/2021
KB Lookalike Audience  8%,55-64,unknown,14/2/2021,KB | Chinese New Year | Jan(13 - 26),,,24,,0.26,,,,,,,,,,,16,14/2/2021,14/2/2021
KB Lookalike Audience  8%,55-64,female,14/2/2021,KB | Chinese New Year | Jan(13 - 26),,,252,,4.78,,,,,,,,,,,136,14/2/2021,14/2/2021
KB Lookalike Audience  8%,35-44,male,14/2/2021,KB | Chinese New Year | Jan(13 - 26),Website purchases,1,8067,86.4,86.4,3,3,1078,1078,11.31944444,11.31944444,1,1,978,978,5752,14/2/2021,14/2/2021
KB Lookalike Audience  8%,25-34,unknown,14/2/2021,KB | Chinese New Year | Jan(13 - 26),,,144,,2.01,,,,,,,,,,,128,14/2/2021,14/2/2021
KB Lookalike Audience  8%,45-54,male,14/2/2021,KB | Chinese New Year | Jan(13 - 26),,,2184,,34.74,,,,,,,,,,,1680,14/2/2021,14/2/2021
KB Lookalike Audience  8%,35-44,female,14/2/2021,KB | Chinese New Year | Jan(13 - 26),,,3585,,57.28,1,1,489,489,,,,,,,2600,14/2/2021,14/2/2021
KB Lookalike Audience  8%,25-34,female,14/2/2021,KB | Chinese New Year | Jan(13 - 26),Website purchases,1,4841,46.58,46.58,3,3,637.5,637.5,5.028982396,5.0289824,1,1,234.25,234.25,3600,14/2/2021,14/2/2021
KB Lookalike Audience  8%,55-64,male,14/2/2021,KB | Chinese New Year | Jan(13 - 26),,,473,,5.66,,,,,,,,,,,320,14/2/2021,14/2/2021
KB Lookalike Audience  8%,65+,male,13/2/2021,KB | Chinese New Year | Jan(13 - 26),,,133,,1.41,,,,,,,,,,,133,13/2/2021,13/2/2021
KB Lookalike Audience  8%,55-64,female,13/2/2021,KB | Chinese New Year | Jan(13 - 26),,,177,,3.13,4,4,671.85,671.85,,,,,,,136,13/2/2021,13/2/2021
KB Lookalike Audience  8%,35-44,unknown,13/2/2021,KB | Chinese New Year | Jan(13 - 26),,,211,,3.49,,,,,,,,,,,176,13/2/2021,13/2/2021
KB Lookalike Audience  8%,55-64,male,13/2/2021,KB | Chinese New Year | Jan(13 - 26),,,449,,7.1,,,,,,,,,,,384,13/2/2021,13/2/2021
KB Lookalike Audience  8%,25-34,female,13/2/2021,KB | Chinese New Year | Jan(13 - 26),Website purchases,1,3861,43.32,43.32,3,3,388.85,388.85,4.72299169,4.72299169,1,1,204.6,204.6,2680,13/2/2021,13/2/2021
KB Lookalike Audience  8%,45-54,female,13/2/2021,KB | Chinese New Year | Jan(13 - 26),,,913,,18.61,,,,,,,,,,,688,13/2/2021,13/2/2021
KB Lookalike Audience  8%,35-44,female,13/2/2021,KB | Chinese New Year | Jan(13 - 26),,,3142,,53.29,1,1,119.25,119.25,,,,,,,2696,13/2/2021,13/2/2021
KB Lookalike Audience  8%,35-44,male,13/2/2021,KB | Chinese New Year | Jan(13 - 26),,,7820,,96.8,,,,,,,,,,,5528,13/2/2021,13/2/2021
KB Lookalike Audience  8%,25-34,male,13/2/2021,KB | Chinese New Year | Jan(13 - 26),Website purchases,2,14452,47.99,95.98,5,5,844.2,844.2,9.698062096,9.6980621,2,2,930.82,930.82,10552,13/2/2021,13/2/2021
KB Lookalike Audience  8%,45-54,unknown,13/2/2021,KB | Chinese New Year | Jan(13 - 26),,,80,,1.44,,,,,,,,,,,56,13/2/2021,13/2/2021
KB Lookalike Audience  8%,25-34,unknown,13/2/2021,KB | Chinese New Year | Jan(13 - 26),,,101,,1.13,,,,,,,,,,,101,13/2/2021,13/2/2021
KB Lookalike Audience  8%,45-54,male,13/2/2021,KB | Chinese New Year | Jan(13 - 26),,,2160,,38.65,,,,,,,,,,,1656,13/2/2021,13/2/2021
KB Lookalike Audience  8%,65+,female,13/2/2021,KB | Chinese New Year | Jan(13 - 26),,,51,,0.66,,,,,,,,,,,24,13/2/2021,13/2/2021
KB Lookalike Audience  8%,65+,unknown,13/2/2021,KB | Chinese New Year | Jan(13 - 26),,,1,,0,,,,,,,,,,,1,13/2/2021,13/2/2021
KB Lookalike Audience  8%,55-64,unknown,13/2/2021,KB | Chinese New Year | Jan(13 - 26),,,11,,0.14,,,,,,,,,,,0,13/2/2021,13/2/2021
KB Lookalike Audience  8%,45-54,unknown,12/2/2021,KB | Chinese New Year | Jan(13 - 26),,,111,,1.899948058,,,,,,,,,,,80,12/2/2021,12/2/2021
KB Lookalike Audience  8%,25-34,male,12/2/2021,KB | Chinese New Year | Jan(13 - 26),,,16078,,103.8271615,3,3,291.9,291.9,,,,,,,12695,12/2/2021,12/2/2021
KB Lookalike Audience  8%,35-44,male,12/2/2021,KB | Chinese New Year | Jan(13 - 26),Website purchases,1,8735,92.64746713,92.64746713,7,7,1419.75,1419.75,4.301250885,4.30125089,1,1,398.5,398.5,6239,12/2/2021,12/2/2021
KB Lookalike Audience  8%,25-34,female,12/2/2021,KB | Chinese New Year | Jan(13 - 26),,,4326,,47.01871456,,,,,,,,,,,3296,12/2/2021,12/2/2021
KB Lookalike Audience  8%,35-44,female,12/2/2021,KB | Chinese New Year | Jan(13 - 26),,,3163,,45.95874354,1,1,97.3,97.3,,,,,,,2544,12/2/2021,12/2/2021
KB Lookalike Audience  8%,45-54,male,12/2/2021,KB | Chinese New Year | Jan(13 - 26),,,2489,,35.54902813,2,2,664.2,664.2,,,,,,,2008,12/2/2021,12/2/2021
KB Lookalike Audience  8%,55-64,male,12/2/2021,KB | Chinese New Year | Jan(13 - 26),,,597,,6.799814101,,,,,,,,,,,592,12/2/2021,12/2/2021
KB Lookalike Audience  8%,35-44,unknown,12/2/2021,KB | Chinese New Year | Jan(13 - 26),,,228,,2.949919353,1,1,183.2,183.2,,,,,,,176,12/2/2021,12/2/2021
KB Lookalike Audience  8%,55-64,female,12/2/2021,KB | Chinese New Year | Jan(13 - 26),,,225,,4.359880806,,,,,,,,,,,224,12/2/2021,12/2/2021
KB Lookalike Audience  8%,65+,male,12/2/2021,KB | Chinese New Year | Jan(13 - 26),,,170,,2.15994095,,,,,,,,,,,120,12/2/2021,12/2/2021
KB Lookalike Audience  8%,25-34,unknown,12/2/2021,KB | Chinese New Year | Jan(13 - 26),,,132,,1.469959813,,,,,,,,,,,132,12/2/2021,12/2/2021
KB Lookalike Audience  8%,45-54,female,12/2/2021,KB | Chinese New Year | Jan(13 - 26),,,1024,,20.58943711,,,,,,,,,,,688,12/2/2021,12/2/2021
KB Lookalike Audience  8%,65+,female,12/2/2021,KB | Chinese New Year | Jan(13 - 26),,,38,,0.279992345,,,,,,,,,,,38,12/2/2021,12/2/2021
KB Lookalike Audience  8%,65+,unknown,12/2/2021,KB | Chinese New Year | Jan(13 - 26),,,1,,0,,,,,,,,,,,0,12/2/2021,12/2/2021
KB Lookalike Audience  8%,55-64,unknown,12/2/2021,KB | Chinese New Year | Jan(13 - 26),,,17,,0.269992619,,,,,,,,,,,16,12/2/2021,12/2/2021
KB Lookalike Audience  8%,45-54,unknown,11/2/2021,KB | Chinese New Year | Jan(13 - 26),,,54,,0.83,,,,,,,,,,,40,11/2/2021,11/2/2021
KB Lookalike Audience  8%,35-44,male,11/2/2021,KB | Chinese New Year | Jan(13 - 26),,,5221,,55.42,,,,,,,,,,,4152,11/2/2021,11/2/2021
KB Lookalike Audience  8%,25-34,female,11/2/2021,KB | Chinese New Year | Jan(13 - 26),Website purchases,1,2594,30.02,30.02,1,1,194.25,194.25,6.803797468,6.80379747,1,1,204.25,204.25,2224,11/2/2021,11/2/2021
KB Lookalike Audience  8%,35-44,female,11/2/2021,KB | Chinese New Year | Jan(13 - 26),,,1714,,26.71,1,1,97.3,97.3,,,,,,,1420,11/2/2021,11/2/2021
KB Lookalike Audience  8%,45-54,male,11/2/2021,KB | Chinese New Year | Jan(13 - 26),,,1342,,16.5,,,,,,,,,,,1092,11/2/2021,11/2/2021
KB Lookalike Audience  8%,45-54,female,11/2/2021,KB | Chinese New Year | Jan(13 - 26),,,526,,10.76,,,,,,,,,,,404,11/2/2021,11/2/2021
KB Lookalike Audience  8%,55-64,male,11/2/2021,KB | Chinese New Year | Jan(13 - 26),,,344,,4,,,,,,,,,,,320,11/2/2021,11/2/2021
KB Lookalike Audience  8%,55-64,female,11/2/2021,KB | Chinese New Year | Jan(13 - 26),,,129,,2.11,,,,,,,,,,,88,11/2/2021,11/2/2021
KB Lookalike Audience  8%,35-44,unknown,11/2/2021,KB | Chinese New Year | Jan(13 - 26),,,109,,1.2,,,,,,,,,,,92,11/2/2021,11/2/2021
KB Lookalike Audience  8%,65+,male,11/2/2021,KB | Chinese New Year | Jan(13 - 26),,,102,,0.63,,,,,,,,,,,72,11/2/2021,11/2/2021
KB Lookalike Audience  8%,25-34,unknown,11/2/2021,KB | Chinese New Year | Jan(13 - 26),,,68,,0.63,,,,,,,,,,,48,11/2/2021,11/2/2021
KB Lookalike Audience  8%,55-64,unknown,11/2/2021,KB | Chinese New Year | Jan(13 - 26),,,13,,0.24,,,,,,,,,,,8,11/2/2021,11/2/2021
KB Lookalike Audience  8%,65+,female,11/2/2021,KB | Chinese New Year | Jan(13 - 26),,,44,,0.51,,,,,,,,,,,32,11/2/2021,11/2/2021
KB Lookalike Audience  8%,65+,unknown,11/2/2021,KB | Chinese New Year | Jan(13 - 26),,,3,,0.01,,,,,,,,,,,3,11/2/2021,11/2/2021
KB Lookalike Audience  (9 -10)%,25-34,male,11/2/2021,KB | Chinese New Year | Jan(13 - 26),,,12,,0.03,,,,,,,,,,,12,11/2/2021,11/2/2021
KB Lookalike Audience  (9 -10)%,45-54,male,11/2/2021,KB | Chinese New Year | Jan(13 - 26),,,3,,0.02,,,,,,,,,,,3,11/2/2021,11/2/2021
KB Lookalike Audience  (9 -10)%,35-44,female,11/2/2021,KB | Chinese New Year | Jan(13 - 26),,,3,,0.04,,,,,,,,,,,3,11/2/2021,11/2/2021
KB Lookalike Audience  (9 -10)%,65+,male,11/2/2021,KB | Chinese New Year | Jan(13 - 26),,,2,,0,,,,,,,,,,,2,11/2/2021,11/2/2021
KB Lookalike Audience  (9 -10)%,35-44,male,11/2/2021,KB | Chinese New Year | Jan(13 - 26),,,2,,0,,,,,,,,,,,2,11/2/2021,11/2/2021
KB Lookalike Audience  (9 -10)%,25-34,female,11/2/2021,KB | Chinese New Year | Jan(13 - 26),,,2,,0.02,,,,,,,,,,,2,11/2/2021,11/2/2021
KB Lookalike Audience  (9 -10)%,65+,unknown,11/2/2021,KB | Chinese New Year | Jan(13 - 26),,,1,,0.04,,,,,,,,,,,1,11/2/2021,11/2/2021
KB Lookalike Audience  (9 -10)%,55-64,male,11/2/2021,KB | Chinese New Year | Jan(13 - 26),,,1,,0,,,,,,,,,,,1,11/2/2021,11/2/2021
KB Lookalike Audience  (9 -10)%,45-54,female,11/2/2021,KB | Chinese New Year | Jan(13 - 26),,,1,,0.01,,,,,,,,,,,1,11/2/2021,11/2/2021
KB Lookalike Audience  8%,25-34,male,11/2/2021,KB | Chinese New Year | Jan(13 - 26),Website purchases,1,10824,71.66,71.66,2,2,672.2,672.2,2.69606475,2.69606475,1,1,193.2,193.2,8772,11/2/2021,11/2/2021
KB Lookalike Audience  (9 -10)%,45-54,unknown,11/2/2021,KB | Chinese New Year | Jan(13 - 26),,,1,,0,,,,,,,,,,,1,11/2/2021,11/2/2021
KB Lookalike Audience  8%,25-34,male,10/2/2021,KB | Chinese New Year | Jan(13 - 26),,,4389,,38.81,3,3,416.65,416.65,,,,,,,3364,10/2/2021,10/2/2021
KB Lookalike Audience  8%,65+,unknown,10/2/2021,KB | Chinese New Year | Jan(13 - 26),,,1,,0,,,,,,,,,,,1,10/2/2021,10/2/2021
KB Lookalike Audience  8%,35-44,male,10/2/2021,KB | Chinese New Year | Jan(13 - 26),,,2181,,28.21,1,1,69.5,69.5,,,,,,,1582,10/2/2021,10/2/2021
KB Lookalike Audience  8%,25-34,female,10/2/2021,KB | Chinese New Year | Jan(13 - 26),,,1130,,18.74,1,1,97.3,97.3,,,,,,,896,10/2/2021,10/2/2021
KB Lookalike Audience  8%,35-44,female,10/2/2021,KB | Chinese New Year | Jan(13 - 26),,,783,,19.3,,,,,,,,,,,584,10/2/2021,10/2/2021
KB Lookalike Audience  8%,45-54,male,10/2/2021,KB | Chinese New Year | Jan(13 - 26),,,572,,10.04,,,,,,,,,,,436,10/2/2021,10/2/2021
KB Lookalike Audience  8%,45-54,female,10/2/2021,KB | Chinese New Year | Jan(13 - 26),,,270,,8.79,,,,,,,,,,,222,10/2/2021,10/2/2021
KB Lookalike Audience  8%,55-64,male,10/2/2021,KB | Chinese New Year | Jan(13 - 26),,,164,,2.21,,,,,,,,,,,120,10/2/2021,10/2/2021
KB Lookalike Audience  8%,55-64,female,10/2/2021,KB | Chinese New Year | Jan(13 - 26),,,67,,1.47,,,,,,,,,,,50,10/2/2021,10/2/2021
KB Lookalike Audience  8%,65+,male,10/2/2021,KB | Chinese New Year | Jan(13 - 26),,,43,,0.21,,,,,,,,,,,36,10/2/2021,10/2/2021
KB Lookalike Audience  8%,25-34,unknown,10/2/2021,KB | Chinese New Year | Jan(13 - 26),,,33,,0.5,,,,,,,,,,,20,10/2/2021,10/2/2021
KB Lookalike Audience  8%,45-54,unknown,10/2/2021,KB | Chinese New Year | Jan(13 - 26),,,24,,0.52,,,,,,,,,,,24,10/2/2021,10/2/2021
KB Lookalike Audience  8%,65+,female,10/2/2021,KB | Chinese New Year | Jan(13 - 26),,,16,,0.49,,,,,,,,,,,12,10/2/2021,10/2/2021
KB Lookalike Audience  8%,55-64,unknown,10/2/2021,KB | Chinese New Year | Jan(13 - 26),,,5,,0.09,,,,,,,,,,,4,10/2/2021,10/2/2021
KB Lookalike Audience  8%,Unknown,unknown,10/2/2021,KB | Chinese New Year | Jan(13 - 26),,,1,,0.02,,,,,,,,,,,0,10/2/2021,10/2/2021
KB Lookalike Audience  8%,35-44,unknown,10/2/2021,KB | Chinese New Year | Jan(13 - 26),,,60,,0.88,,,,,,,,,,,44,10/2/2021,10/2/2021
KB Lookalike Audience  (9 -10)%,65+,male,10/2/2021,KB | Chinese New Year | Jan(13 - 26),,,3,,0.05,,,,,,,,,,,3,10/2/2021,10/2/2021
KB Lookalike Audience  (9 -10)%,25-34,male,10/2/2021,KB | Chinese New Year | Jan(13 - 26),,,73,,0.29,,,,,,,,,,,71,10/2/2021,10/2/2021
KB Lookalike Audience  (9 -10)%,25-34,female,10/2/2021,KB | Chinese New Year | Jan(13 - 26),,,26,,0.28,,,,,,,,,,,20,10/2/2021,10/2/2021
KB Lookalike Audience  (9 -10)%,35-44,female,10/2/2021,KB | Chinese New Year | Jan(13 - 26),,,20,,0.84,,,,,,,,,,,17,10/2/2021,10/2/2021
KB Lookalike Audience  (9 -10)%,45-54,female,10/2/2021,KB | Chinese New Year | Jan(13 - 26),,,8,,0.39,,,,,,,,,,,8,10/2/2021,10/2/2021
KB Lookalike Audience  (9 -10)%,45-54,male,10/2/2021,KB | Chinese New Year | Jan(13 - 26),,,5,,0.06,,,,,,,,,,,5,10/2/2021,10/2/2021
KB Lookalike Audience  (9 -10)%,65+,female,10/2/2021,KB | Chinese New Year | Jan(13 - 26),,,2,,0.02,,,,,,,,,,,2,10/2/2021,10/2/2021
KB Lookalike Audience  (9 -10)%,35-44,male,10/2/2021,KB | Chinese New Year | Jan(13 - 26),,,26,,0.63,,,,,,,,,,,24,10/2/2021,10/2/2021
KB Lookalike Audience  8%,55-64,male,9/2/2021,KB | Chinese New Year | Jan(13 - 26),,,162,,2.38,,,,,,,,,,,136,9/2/2021,9/2/2021
KB Lookalike Audience  8%,65+,unknown,9/2/2021,KB | Chinese New Year | Jan(13 - 26),,,1,,0,,,,,,,,,,,0,9/2/2021,9/2/2021
KB Lookalike Audience  8%,25-34,male,9/2/2021,KB | Chinese New Year | Jan(13 - 26),Website purchases,2,5927,26.745,53.49,4,4,594.15,594.15,13.64928024,13.64928024,2,2,730.1,730.1,4612,9/2/2021,9/2/2021
KB Lookalike Audience  8%,35-44,male,9/2/2021,KB | Chinese New Year | Jan(13 - 26),Website purchases,3,2836,13.72,41.16,2,2,194.6,194.6,10.54057337,10.54057337,3,3,433.85,433.85,2100,9/2/2021,9/2/2021
KB Lookalike Audience  8%,25-34,female,9/2/2021,KB | Chinese New Year | Jan(13 - 26),Website purchases,1,1657,27.53,27.53,1,1,97.3,97.3,3.897566291,3.89756629,1,1,107.3,107.3,1358,9/2/2021,9/2/2021
KB Lookalike Audience  8%,35-44,female,9/2/2021,KB | Chinese New Year | Jan(13 - 26),,,1116,,24.25,,,,,,,,,,,846,9/2/2021,9/2/2021
KB Lookalike Audience  8%,45-54,male,9/2/2021,KB | Chinese New Year | Jan(13 - 26),,,723,,13.16,1,1,175.2,175.2,,,,,,,530,9/2/2021,9/2/2021
KB Lookalike Audience  (9 -10)%,35-44,unknown,9/2/2021,KB | Chinese New Year | Jan(13 - 26),,,9,,0.15,,,,,,,,,,,7,9/2/2021,9/2/2021
KB Lookalike Audience  8%,Unknown,unknown,9/2/2021,KB | Chinese New Year | Jan(13 - 26),,,1,,0,,,,,,,,,,,0,9/2/2021,9/2/2021
KB Lookalike Audience  8%,35-44,unknown,9/2/2021,KB | Chinese New Year | Jan(13 - 26),,,86,,1.53,,,,,,,,,,,76,9/2/2021,9/2/2021
KB Lookalike Audience  8%,55-64,unknown,9/2/2021,KB | Chinese New Year | Jan(13 - 26),,,9,,0.11,,,,,,,,,,,9,9/2/2021,9/2/2021
KB Lookalike Audience  8%,45-54,unknown,9/2/2021,KB | Chinese New Year | Jan(13 - 26),,,29,,0.38,,,,,,,,,,,29,9/2/2021,9/2/2021
KB Lookalike Audience  8%,65+,female,9/2/2021,KB | Chinese New Year | Jan(13 - 26),,,32,,0.96,,,,,,,,,,,20,9/2/2021,9/2/2021
KB Lookalike Audience  8%,45-54,female,9/2/2021,KB | Chinese New Year | Jan(13 - 26),,,328,,9.53,,,,,,,,,,,264,9/2/2021,9/2/2021
KB Lookalike Audience  8%,65+,male,9/2/2021,KB | Chinese New Year | Jan(13 - 26),,,65,,0.38,,,,,,,,,,,50,9/2/2021,9/2/2021
KB Lookalike Audience  8%,55-64,female,9/2/2021,KB | Chinese New Year | Jan(13 - 26),,,82,,1.49,,,,,,,,,,,68,9/2/2021,9/2/2021
KB Lookalike Audience  8%,25-34,unknown,9/2/2021,KB | Chinese New Year | Jan(13 - 26),,,52,,0.56,,,,,,,,,,,32,9/2/2021,9/2/2021
KB Lookalike Audience  (9 -10)%,65+,male,9/2/2021,KB | Chinese New Year | Jan(13 - 26),,,7,,0.04,,,,,,,,,,,7,9/2/2021,9/2/2021
KB Lookalike Audience  (9 -10)%,65+,unknown,9/2/2021,KB | Chinese New Year | Jan(13 - 26),,,1,,0,,,,,,,,,,,1,9/2/2021,9/2/2021
KB Lookalike Audience  (9 -10)%,25-34,male,9/2/2021,KB | Chinese New Year | Jan(13 - 26),,,246,,2.22,,,,,,,,,,,214,9/2/2021,9/2/2021
KB Lookalike Audience  (9 -10)%,55-64,male,9/2/2021,KB | Chinese New Year | Jan(13 - 26),,,20,,0.24,,,,,,,,,,,19,9/2/2021,9/2/2021
KB Lookalike Audience  (9 -10)%,45-54,female,9/2/2021,KB | Chinese New Year | Jan(13 - 26),,,40,,2.2,,,,,,,,,,,33,9/2/2021,9/2/2021
KB Lookalike Audience  (9 -10)%,45-54,male,9/2/2021,KB | Chinese New Year | Jan(13 - 26),,,53,,0.94,,,,,,,,,,,45,9/2/2021,9/2/2021
KB Lookalike Audience  (9 -10)%,25-34,female,9/2/2021,KB | Chinese New Year | Jan(13 - 26),,,73,,0.84,,,,,,,,,,,69,9/2/2021,9/2/2021
KB Lookalike Audience  (9 -10)%,35-44,female,9/2/2021,KB | Chinese New Year | Jan(13 - 26),,,100,,1.64,,,,,,,,,,,91,9/2/2021,9/2/2021
KB Lookalike Audience  (9 -10)%,Unknown,unknown,9/2/2021,KB | Chinese New Year | Jan(13 - 26),,,1,,0.01,,,,,,,,,,,1,9/2/2021,9/2/2021
KB Lookalike Audience  (9 -10)%,35-44,male,9/2/2021,KB | Chinese New Year | Jan(13 - 26),,,181,,2.66,,,,,,,,,,,166,9/2/2021,9/2/2021
KB Lookalike Audience  (9 -10)%,25-34,unknown,9/2/2021,KB | Chinese New Year | Jan(13 - 26),,,5,,0.02,,,,,,,,,,,5,9/2/2021,9/2/2021
KB Lookalike Audience  (9 -10)%,45-54,unknown,9/2/2021,KB | Chinese New Year | Jan(13 - 26),,,6,,0.09,,,,,,,,,,,5,9/2/2021,9/2/2021
KB Lookalike Audience  (9 -10)%,55-64,female,9/2/2021,KB | Chinese New Year | Jan(13 - 26),,,6,,0.22,,,,,,,,,,,6,9/2/2021,9/2/2021
KB Lookalike Audience  (9 -10)%,65+,female,9/2/2021,KB | Chinese New Year | Jan(13 - 26),,,6,,0.49,,,,,,,,,,,6,9/2/2021,9/2/2021
KB Lookalike Audience  8%,55-64,female,8/2/2021,KB | Chinese New Year | Jan(13 - 26),,,81,,1.67,,,,,,,,,,,72,8/2/2021,8/2/2021
KB Lookalike Audience  8%,45-54,unknown,8/2/2021,KB | Chinese New Year | Jan(13 - 26),,,28,,0.6,,,,,,,,,,,20,8/2/2021,8/2/2021
KB Lookalike Audience  8%,65+,male,8/2/2021,KB | Chinese New Year | Jan(13 - 26),,,53,,0.45,,,,,,,,,,,53,8/2/2021,8/2/2021
KB Lookalike Audience  8%,25-34,unknown,8/2/2021,KB | Chinese New Year | Jan(13 - 26),,,59,,0.92,,,,,,,,,,,48,8/2/2021,8/2/2021
KB Lookalike Audience  8%,35-44,unknown,8/2/2021,KB | Chinese New Year | Jan(13 - 26),,,87,,1.49,,,,,,,,,,,66,8/2/2021,8/2/2021
KB Lookalike Audience  8%,55-64,unknown,8/2/2021,KB | Chinese New Year | Jan(13 - 26),,,11,,0.09,,,,,,,,,,,6,8/2/2021,8/2/2021
KB Lookalike Audience  8%,55-64,male,8/2/2021,KB | Chinese New Year | Jan(13 - 26),,,166,,2.11,,,,,,,,,,,140,8/2/2021,8/2/2021
KB Lookalike Audience  8%,45-54,female,8/2/2021,KB | Chinese New Year | Jan(13 - 26),,,331,,10.69,1,1,219,219,,,,,,,256,8/2/2021,8/2/2021
KB Lookalike Audience  8%,45-54,male,8/2/2021,KB | Chinese New Year | Jan(13 - 26),,,648,,11.23,,,,,,,,,,,488,8/2/2021,8/2/2021
KB Lookalike Audience  8%,35-44,female,8/2/2021,KB | Chinese New Year | Jan(13 - 26),Website purchases,1,1116,30.43,30.43,,,,,6.086099244,6.08609924,1,1,185.2,185.2,786,8/2/2021,8/2/2021
KB Lookalike Audience  8%,25-34,female,8/2/2021,KB | Chinese New Year | Jan(13 - 26),Website purchases,3,1684,11.09,33.27,4,4,519.15,519.15,29.44394349,29.44394349,3,3,979.6,979.6,1322,8/2/2021,8/2/2021
KB Lookalike Audience  8%,35-44,male,8/2/2021,KB | Chinese New Year | Jan(13 - 26),Website purchases,1,2687,39.55,39.55,3,3,428.4,428.4,4.911504425,4.91150442,1,1,194.25,194.25,2028,8/2/2021,8/2/2021
KB Lookalike Audience  8%,65+,female,8/2/2021,KB | Chinese New Year | Jan(13 - 26),,,27,,0.75,,,,,,,,,,,24,8/2/2021,8/2/2021
KB Lookalike Audience  (9 -10)%,35-44,male,8/2/2021,KB | Chinese New Year | Jan(13 - 26),,,142,,1.59,,,,,,,,,,,126,8/2/2021,8/2/2021
KB Lookalike Audience  8%,65+,unknown,8/2/2021,KB | Chinese New Year | Jan(13 - 26),,,1,,0,,,,,,,,,,,1,8/2/2021,8/2/2021
KB Lookalike Audience  (9 -10)%,25-34,female,8/2/2021,KB | Chinese New Year | Jan(13 - 26),,,77,,0.8,,,,,,,,,,,68,8/2/2021,8/2/2021
KB Lookalike Audience  (9 -10)%,25-34,male,8/2/2021,KB | Chinese New Year | Jan(13 - 26),,,214,,1.81,,,,,,,,,,,179,8/2/2021,8/2/2021
KB Lookalike Audience  (9 -10)%,25-34,unknown,8/2/2021,KB | Chinese New Year | Jan(13 - 26),,,1,,0,,,,,,,,,,,1,8/2/2021,8/2/2021
KB Lookalike Audience  (9 -10)%,45-54,unknown,8/2/2021,KB | Chinese New Year | Jan(13 - 26),,,2,,0.03,,,,,,,,,,,2,8/2/2021,8/2/2021
KB Lookalike Audience  (9 -10)%,55-64,female,8/2/2021,KB | Chinese New Year | Jan(13 - 26),,,4,,0.05,,,,,,,,,,,4,8/2/2021,8/2/2021
KB Lookalike Audience  (9 -10)%,65+,female,8/2/2021,KB | Chinese New Year | Jan(13 - 26),,,4,,0.02,,,,,,,,,,,4,8/2/2021,8/2/2021
KB Lookalike Audience  (9 -10)%,65+,male,8/2/2021,KB | Chinese New Year | Jan(13 - 26),,,7,,0.01,,,,,,,,,,,7,8/2/2021,8/2/2021
KB Lookalike Audience  (9 -10)%,55-64,male,8/2/2021,KB | Chinese New Year | Jan(13 - 26),,,14,,0.33,,,,,,,,,,,10,8/2/2021,8/2/2021
KB Lookalike Audience  (9 -10)%,45-54,female,8/2/2021,KB | Chinese New Year | Jan(13 - 26),,,20,,0.54,,,,,,,,,,,19,8/2/2021,8/2/2021
KB Lookalike Audience  (9 -10)%,45-54,male,8/2/2021,KB | Chinese New Year | Jan(13 - 26),,,60,,1.07,,,,,,,,,,,50,8/2/2021,8/2/2021
KB Lookalike Audience  (9 -10)%,35-44,female,8/2/2021,KB | Chinese New Year | Jan(13 - 26),,,76,,1.23,,,,,,,,,,,62,8/2/2021,8/2/2021
KB Lookalike Audience  8%,25-34,male,8/2/2021,KB | Chinese New Year | Jan(13 - 26),Website purchases,3,5632,19.06666667,57.2,5,5,613.45,613.45,15.62062937,15.62062937,3,3,893.5,893.5,4318,8/2/2021,8/2/2021
KB Lookalike Audience  8%,45-54,male,7/2/2021,KB | Chinese New Year | Jan(13 - 26),,,1049,,18.08,,,,,,,,,,,824,7/2/2021,7/2/2021
KB Lookalike Audience  8%,35-44,female,7/2/2021,KB | Chinese New Year | Jan(13 - 26),,,1730,,35.19,11,11,1799.7,1799.7,,,,,,,1308,7/2/2021,7/2/2021
KB Lookalike Audience  8%,25-34,male,7/2/2021,KB | Chinese New Year | Jan(13 - 26),Website purchases,4,9467,18.81,75.24,5,5,650.3,650.3,7.979930888,7.97993089,4,4,600.41,600.41,7316,7/2/2021,7/2/2021
KB Lookalike Audience  8%,25-34,female,7/2/2021,KB | Chinese New Year | Jan(13 - 26),,,3036,,50.19,,,,,,,,,,,2376,7/2/2021,7/2/2021
KB Lookalike Audience  8%,35-44,male,7/2/2021,KB | Chinese New Year | Jan(13 - 26),Website purchases,1,4287,57.7,57.7,2,2,377.45,377.45,2.872097054,2.87209705,1,1,165.72,165.72,3192,7/2/2021,7/2/2021
KB Lookalike Audience  8%,55-64,male,7/2/2021,KB | Chinese New Year | Jan(13 - 26),,,218,,4.04,,,,,,,,,,,164,7/2/2021,7/2/2021
KB Lookalike Audience  8%,45-54,female,7/2/2021,KB | Chinese New Year | Jan(13 - 26),Website purchases,1,504,15.86,15.86,,,,,9.672131148,9.67213115,1,1,153.4,153.4,336,7/2/2021,7/2/2021
KB Lookalike Audience  8%,35-44,unknown,7/2/2021,KB | Chinese New Year | Jan(13 - 26),,,124,,1.85,,,,,,,,,,,92,7/2/2021,7/2/2021
KB Lookalike Audience  8%,55-64,female,7/2/2021,KB | Chinese New Year | Jan(13 - 26),,,103,,2.15,,,,,,,,,,,88,7/2/2021,7/2/2021
KB Lookalike Audience  8%,25-34,unknown,7/2/2021,KB | Chinese New Year | Jan(13 - 26),,,86,,0.98,,,,,,,,,,,64,7/2/2021,7/2/2021
KB Lookalike Audience  8%,65+,male,7/2/2021,KB | Chinese New Year | Jan(13 - 26),,,45,,0.34,,,,,,,,,,,36,7/2/2021,7/2/2021
KB Lookalike Audience  8%,45-54,unknown,7/2/2021,KB | Chinese New Year | Jan(13 - 26),,,36,,0.86,,,,,,,,,,,36,7/2/2021,7/2/2021
KB Lookalike Audience  8%,65+,female,7/2/2021,KB | Chinese New Year | Jan(13 - 26),,,27,,0.44,,,,,,,,,,,8,7/2/2021,7/2/2021
KB Lookalike Audience  8%,55-64,unknown,7/2/2021,KB | Chinese New Year | Jan(13 - 26),,,4,,0.09,,,,,,,,,,,0,7/2/2021,7/2/2021
KB Lookalike Audience  8%,Unknown,unknown,7/2/2021,KB | Chinese New Year | Jan(13 - 26),,,1,,0,,,,,,,,,,,1,7/2/2021,7/2/2021
KB Lookalike Audience  8%,25-34,male,6/2/2021,KB | Chinese New Year | Jan(13 - 26),Website purchases,1,7991,71.6,71.6,6,6,943.8,943.8,9.497905028,9.49790503,1,1,680.05,680.05,6188,6/2/2021,6/2/2021
KB Lookalike Audience  8%,55-64,female,6/2/2021,KB | Chinese New Year | Jan(13 - 26),,,118,,2.3,,,,,,,,,,,80,6/2/2021,6/2/2021
KB Lookalike Audience  8%,35-44,male,6/2/2021,KB | Chinese New Year | Jan(13 - 26),,,4041,,58.72,,,,,,,,,,,2916,6/2/2021,6/2/2021
KB Lookalike Audience  8%,25-34,female,6/2/2021,KB | Chinese New Year | Jan(13 - 26),Website purchases,3,2670,16.7,50.1,3,3,612.75,612.75,11.85229541,11.85229541,3,3,593.8,593.8,2040,6/2/2021,6/2/2021
KB Lookalike Audience  8%,35-44,female,6/2/2021,KB | Chinese New Year | Jan(13 - 26),,,1833,,45.51,2,2,350.4,350.4,,,,,,,1404,6/2/2021,6/2/2021
KB Lookalike Audience  8%,45-54,male,6/2/2021,KB | Chinese New Year | Jan(13 - 26),,,1030,,21.31,2,2,268.5,268.5,,,,,,,720,6/2/2021,6/2/2021
KB Lookalike Audience  8%,45-54,female,6/2/2021,KB | Chinese New Year | Jan(13 - 26),,,549,,16.45,,,,,,,,,,,420,6/2/2021,6/2/2021
KB Lookalike Audience  8%,55-64,male,6/2/2021,KB | Chinese New Year | Jan(13 - 26),,,242,,5.08,,,,,,,,,,,192,6/2/2021,6/2/2021
KB Lookalike Audience  8%,35-44,unknown,6/2/2021,KB | Chinese New Year | Jan(13 - 26),,,108,,1.75,,,,,,,,,,,68,6/2/2021,6/2/2021
KB Lookalike Audience  8%,65+,male,6/2/2021,KB | Chinese New Year | Jan(13 - 26),,,94,,0.71,,,,,,,,,,,72,6/2/2021,6/2/2021
KB Lookalike Audience  8%,25-34,unknown,6/2/2021,KB | Chinese New Year | Jan(13 - 26),,,60,,0.59,,,,,,,,,,,52,6/2/2021,6/2/2021
KB Lookalike Audience  8%,65+,female,6/2/2021,KB | Chinese New Year | Jan(13 - 26),,,52,,0.98,,,,,,,,,,,24,6/2/2021,6/2/2021
KB Lookalike Audience  8%,45-54,unknown,6/2/2021,KB | Chinese New Year | Jan(13 - 26),,,38,,1.15,,,,,,,,,,,16,6/2/2021,6/2/2021
KB Lookalike Audience  8%,55-64,unknown,6/2/2021,KB | Chinese New Year | Jan(13 - 26),,,8,,0.2,,,,,,,,,,,0,6/2/2021,6/2/2021
KB Lookalike Audience  8%,65+,unknown,6/2/2021,KB | Chinese New Year | Jan(13 - 26),,,4,,0.12,,,,,,,,,,,4,6/2/2021,6/2/2021
KB Lookalike Audience  8%,55-64,female,5/2/2021,KB | Chinese New Year | Jan(13 - 26),,,164,,2.62,,,,,,,,,,,132,5/2/2021,5/2/2021
KB Lookalike Audience  8%,25-34,male,5/2/2021,KB | Chinese New Year | Jan(13 - 26),Website purchases,5,8772,15.186,75.93,9,9,1178.15,1178.15,8.603318846,8.60331885,5,5,653.25,653.25,6752,5/2/2021,5/2/2021
KB Lookalike Audience  8%,35-44,male,5/2/2021,KB | Chinese New Year | Jan(13 - 26),,,4854,,63.58,3,3,365.8,365.8,,,,,,,3528,5/2/2021,5/2/2021
KB Lookalike Audience  8%,25-34,female,5/2/2021,KB | Chinese New Year | Jan(13 - 26),Website purchases,1,2690,43.03,43.03,2,2,383.45,383.45,5.653032768,5.65303277,1,1,243.25,243.25,2168,5/2/2021,5/2/2021
KB Lookalike Audience  8%,35-44,female,5/2/2021,KB | Chinese New Year | Jan(13 - 26),Website purchases,1,2027,43.78,43.78,2,2,366.4,366.4,8.59753312,8.59753312,1,1,376.4,376.4,1536,5/2/2021,5/2/2021
KB Lookalike Audience  8%,45-54,male,5/2/2021,KB | Chinese New Year | Jan(13 - 26),,,1236,,21.77,,,,,,,,,,,824,5/2/2021,5/2/2021
KB Lookalike Audience  8%,45-54,female,5/2/2021,KB | Chinese New Year | Jan(13 - 26),,,632,,19.95,3,3,477.6,477.6,,,,,,,416,5/2/2021,5/2/2021
KB Lookalike Audience  8%,55-64,male,5/2/2021,KB | Chinese New Year | Jan(13 - 26),,,288,,3.91,,,,,,,,,,,220,5/2/2021,5/2/2021
KB Lookalike Audience  8%,65+,male,5/2/2021,KB | Chinese New Year | Jan(13 - 26),,,102,,1.56,,,,,,,,,,,92,5/2/2021,5/2/2021
KB Lookalike Audience  8%,35-44,unknown,5/2/2021,KB | Chinese New Year | Jan(13 - 26),,,156,,2.15,,,,,,,,,,,116,5/2/2021,5/2/2021
KB Lookalike Audience  8%,25-34,unknown,5/2/2021,KB | Chinese New Year | Jan(13 - 26),,,76,,1.15,,,,,,,,,,,48,5/2/2021,5/2/2021
KB Lookalike Audience  8%,45-54,unknown,5/2/2021,KB | Chinese New Year | Jan(13 - 26),,,49,,0.87,,,,,,,,,,,49,5/2/2021,5/2/2021
KB Lookalike Audience  8%,65+,female,5/2/2021,KB | Chinese New Year | Jan(13 - 26),,,43,,1.5,,,,,,,,,,,28,5/2/2021,5/2/2021
KB Lookalike Audience  8%,55-64,unknown,5/2/2021,KB | Chinese New Year | Jan(13 - 26),,,20,,0.28,,,,,,,,,,,8,5/2/2021,5/2/2021
KB Lookalike Audience  8%,65+,unknown,5/2/2021,KB | Chinese New Year | Jan(13 - 26),,,1,,0,,,,,,,,,,,0,5/2/2021,5/2/2021
KB Lookalike Audience  8%,13-17,unknown,5/2/2021,KB | Chinese New Year | Jan(13 - 26),,,1,,0.04,,,,,,,,,,,0,5/2/2021,5/2/2021
KB Lookalike Audience  8%,35-44,unknown,4/2/2021,KB | Chinese New Year | Jan(13 - 26),,,126,,2.000297774,,,,,,,,,,,92,4/2/2021,4/2/2021
KB Lookalike Audience  8%,35-44,male,4/2/2021,KB | Chinese New Year | Jan(13 - 26),Website purchases,1,4794,56.86846572,56.86846572,4,4,594.05,594.05,12.32669092,12.32669092,1,1,701,701,3540,4/2/2021,4/2/2021
KB Lookalike Audience  8%,25-34,male,4/2/2021,KB | Chinese New Year | Jan(13 - 26),Website purchases,1,9547,75.95130648,75.95130648,2,2,377.45,377.45,2.689222996,2.689223,1,1,204.25,204.25,7485,4/2/2021,4/2/2021
KB Lookalike Audience  8%,35-44,female,4/2/2021,KB | Chinese New Year | Jan(13 - 26),Website purchases,1,1946,42.72636046,42.72636046,3,3,525.6,525.6,4.334560632,4.33456063,1,1,185.2,185.2,1444,4/2/2021,4/2/2021
KB Lookalike Audience  8%,45-54,male,4/2/2021,KB | Chinese New Year | Jan(13 - 26),,,1234,,21.44319214,,,,,,,,,,,820,4/2/2021,4/2/2021
KB Lookalike Audience  8%,45-54,female,4/2/2021,KB | Chinese New Year | Jan(13 - 26),,,539,,15.25227053,,,,,,,,,,,440,4/2/2021,4/2/2021
KB Lookalike Audience  8%,55-64,male,4/2/2021,KB | Chinese New Year | Jan(13 - 26),,,312,,5.090757835,1,1,159.2,159.2,,,,,,,264,4/2/2021,4/2/2021
KB Lookalike Audience  8%,55-64,female,4/2/2021,KB | Chinese New Year | Jan(13 - 26),,,151,,2.620390084,,,,,,,,,,,120,4/2/2021,4/2/2021
KB Lookalike Audience  8%,25-34,female,4/2/2021,KB | Chinese New Year | Jan(13 - 26),Website purchases,2,2670,21.20315641,42.40631281,1,1,97.3,97.3,13.48855777,13.48855777,2,2,572,572,2152,4/2/2021,4/2/2021
KB Lookalike Audience  8%,65+,male,4/2/2021,KB | Chinese New Year | Jan(13 - 26),,,96,,1.380205464,,,,,,,,,,,96,4/2/2021,4/2/2021
KB Lookalike Audience  8%,45-54,unknown,4/2/2021,KB | Chinese New Year | Jan(13 - 26),,,40,,0.730108688,,,,,,,,,,,36,4/2/2021,4/2/2021
KB Lookalike Audience  8%,65+,female,4/2/2021,KB | Chinese New Year | Jan(13 - 26),,,32,,0.940139954,,,,,,,,,,,20,4/2/2021,4/2/2021
KB Lookalike Audience  8%,55-64,unknown,4/2/2021,KB | Chinese New Year | Jan(13 - 26),,,17,,0.380056577,,,,,,,,,,,8,4/2/2021,4/2/2021
KB Lookalike Audience  8%,Unknown,unknown,4/2/2021,KB | Chinese New Year | Jan(13 - 26),,,1,,0,,,,,,,,,,,1,4/2/2021,4/2/2021
KB Lookalike Audience  8%,65+,unknown,4/2/2021,KB | Chinese New Year | Jan(13 - 26),,,1,,0.010001489,,,,,,,,,,,0,4/2/2021,4/2/2021
KB Lookalike Audience  8%,25-34,unknown,4/2/2021,KB | Chinese New Year | Jan(13 - 26),,,81,,0.900133998,,,,,,,,,,,60,4/2/2021,4/2/2021
KB Lookalike Audience  8%,55-64,female,3/2/2021,KB | Chinese New Year | Jan(13 - 26),,,170,,3,,,,,,,,,,,124,3/2/2021,3/2/2021
KB Lookalike Audience  8%,35-44,male,3/2/2021,KB | Chinese New Year | Jan(13 - 26),,,4512,,56.98,5,5,766.35,766.35,,,,,,,3404,3/2/2021,3/2/2021
KB Lookalike Audience  8%,25-34,female,3/2/2021,KB | Chinese New Year | Jan(13 - 26),Website purchases,1,2799,48.6,48.6,,,,,2.659465021,2.65946502,1,1,129.25,129.25,2112,3/2/2021,3/2/2021
KB Lookalike Audience  8%,35-44,female,3/2/2021,KB | Chinese New Year | Jan(13 - 26),Website purchases,1,1966,48.35,48.35,,,,,4.224405377,4.22440538,1,1,204.25,204.25,1548,3/2/2021,3/2/2021
KB Lookalike Audience  8%,45-54,male,3/2/2021,KB | Chinese New Year | Jan(13 - 26),Website purchases,1,1191,22.39,22.39,2,2,369.45,369.45,9.122376061,9.12237606,1,1,204.25,204.25,856,3/2/2021,3/2/2021
KB Lookalike Audience  8%,45-54,female,3/2/2021,KB | Chinese New Year | Jan(13 - 26),,,602,,15.15,,,,,,,,,,,484,3/2/2021,3/2/2021
KB Lookalike Audience  8%,55-64,male,3/2/2021,KB | Chinese New Year | Jan(13 - 26),,,279,,5.07,,,,,,,,,,,220,3/2/2021,3/2/2021
KB Lookalike Audience  8%,25-34,male,3/2/2021,KB | Chinese New Year | Jan(13 - 26),,,9215,,69.22,4,4,521.95,521.95,,,,,,,6888,3/2/2021,3/2/2021
KB Lookalike Audience  8%,35-44,unknown,3/2/2021,KB | Chinese New Year | Jan(13 - 26),,,137,,2.51,,,,,,,,,,,84,3/2/2021,3/2/2021
KB Lookalike Audience  8%,25-34,unknown,3/2/2021,KB | Chinese New Year | Jan(13 - 26),,,77,,1,,,,,,,,,,,44,3/2/2021,3/2/2021
KB Lookalike Audience  8%,65+,male,3/2/2021,KB | Chinese New Year | Jan(13 - 26),,,66,,0.72,,,,,,,,,,,52,3/2/2021,3/2/2021
KB Lookalike Audience  8%,45-54,unknown,3/2/2021,KB | Chinese New Year | Jan(13 - 26),,,52,,1.17,,,,,,,,,,,44,3/2/2021,3/2/2021
KB Lookalike Audience  8%,65+,female,3/2/2021,KB | Chinese New Year | Jan(13 - 26),,,26,,0.65,,,,,,,,,,,16,3/2/2021,3/2/2021
KB Lookalike Audience  8%,55-64,unknown,3/2/2021,KB | Chinese New Year | Jan(13 - 26),,,15,,0.37,,,,,,,,,,,0,3/2/2021,3/2/2021
KB Lookalike Audience  8%,25-34,male,2/2/2021,KB | Chinese New Year | Jan(13 - 26),Website purchases,3,9160,21.23333333,63.7,7,7,819.1,819.1,6.21899529,6.21899529,3,3,396.15,396.15,7472,2/2/2021,2/2/2021
KB Lookalike Audience  8%,35-44,male,2/2/2021,KB | Chinese New Year | Jan(13 - 26),Website purchases,1,4441,52.53,52.53,,,,,2.0426423,2.0426423,1,1,107.3,107.3,3340,2/2/2021,2/2/2021
KB Lookalike Audience  8%,25-34,female,2/2/2021,KB | Chinese New Year | Jan(13 - 26),Website purchases,3,2879,15.03333333,45.1,4,4,511,511,14.25166297,14.25166297,3,3,642.75,642.75,2216,2/2/2021,2/2/2021
KB Lookalike Audience  8%,35-44,female,2/2/2021,KB | Chinese New Year | Jan(13 - 26),,,1963,,47.62,2,2,272.5,272.5,,,,,,,1680,2/2/2021,2/2/2021
KB Lookalike Audience  8%,45-54,male,2/2/2021,KB | Chinese New Year | Jan(13 - 26),,,1054,,18.97,,,,,,,,,,,776,2/2/2021,2/2/2021
KB Lookalike Audience  8%,45-54,female,2/2/2021,KB | Chinese New Year | Jan(13 - 26),,,615,,16.6,1,1,97.3,97.3,,,,,,,444,2/2/2021,2/2/2021
KB Lookalike Audience  8%,55-64,male,2/2/2021,KB | Chinese New Year | Jan(13 - 26),,,237,,3.19,,,,,,,,,,,204,2/2/2021,2/2/2021
KB Lookalike Audience  8%,35-44,unknown,2/2/2021,KB | Chinese New Year | Jan(13 - 26),,,133,,1.82,,,,,,,,,,,84,2/2/2021,2/2/2021
KB Lookalike Audience  8%,55-64,female,2/2/2021,KB | Chinese New Year | Jan(13 - 26),,,125,,2.27,,,,,,,,,,,96,2/2/2021,2/2/2021
KB Lookalike Audience  8%,65+,male,2/2/2021,KB | Chinese New Year | Jan(13 - 26),,,77,,0.45,,,,,,,,,,,64,2/2/2021,2/2/2021
KB Lookalike Audience  8%,25-34,unknown,2/2/2021,KB | Chinese New Year | Jan(13 - 26),,,58,,0.79,,,,,,,,,,,56,2/2/2021,2/2/2021
KB Lookalike Audience  8%,45-54,unknown,2/2/2021,KB | Chinese New Year | Jan(13 - 26),,,49,,1.41,,,,,,,,,,,36,2/2/2021,2/2/2021
KB Lookalike Audience  8%,65+,female,2/2/2021,KB | Chinese New Year | Jan(13 - 26),,,29,,0.82,,,,,,,,,,,8,2/2/2021,2/2/2021
KB Lookalike Audience  8%,55-64,unknown,2/2/2021,KB | Chinese New Year | Jan(13 - 26),,,12,,0.42,,,,,,,,,,,4,2/2/2021,2/2/2021
KB Lookalike Audience  8%,65+,unknown,2/2/2021,KB | Chinese New Year | Jan(13 - 26),,,4,,0.03,,,,,,,,,,,4,2/2/2021,2/2/2021
KB Lookalike Audience  8%,Unknown,unknown,2/2/2021,KB | Chinese New Year | Jan(13 - 26),,,2,,0.16,,,,,,,,,,,0,2/2/2021,2/2/2021
KB Lookalike Audience  8%,55-64,female,1/2/2021,KB | Chinese New Year | Jan(13 - 26),,,100,,2.31,,,,,,,,,,,84,1/2/2021,1/2/2021
KB Lookalike Audience  8%,25-34,male,1/2/2021,KB | Chinese New Year | Jan(13 - 26),,,11605,,74.29,2,2,350.4,350.4,,,,,,,9464,1/2/2021,1/2/2021
KB Lookalike Audience  8%,35-44,male,1/2/2021,KB | Chinese New Year | Jan(13 - 26),Website purchases,1,5047,59.33,59.33,1,1,175.2,175.2,3.442609135,3.44260914,1,1,204.25,204.25,3856,1/2/2021,1/2/2021
KB Lookalike Audience  8%,25-34,female,1/2/2021,KB | Chinese New Year | Jan(13 - 26),,,2759,,35.41,,,,,,,,,,,2076,1/2/2021,1/2/2021
KB Lookalike Audience  8%,45-54,male,1/2/2021,KB | Chinese New Year | Jan(13 - 26),,,1275,,21.47,,,,,,,,,,,892,1/2/2021,1/2/2021
KB Lookalike Audience  8%,45-54,female,1/2/2021,KB | Chinese New Year | Jan(13 - 26),,,566,,14.3,,,,,,,,,,,448,1/2/2021,1/2/2021
KB Lookalike Audience  8%,55-64,male,1/2/2021,KB | Chinese New Year | Jan(13 - 26),,,263,,4.65,,,,,,,,,,,196,1/2/2021,1/2/2021
KB Lookalike Audience  8%,35-44,unknown,1/2/2021,KB | Chinese New Year | Jan(13 - 26),,,128,,2.55,,,,,,,,,,,104,1/2/2021,1/2/2021
KB Lookalike Audience  8%,35-44,female,1/2/2021,KB | Chinese New Year | Jan(13 - 26),Website purchases,1,1813,36.83,36.83,2,2,318.4,318.4,2.913385827,2.91338583,1,1,107.3,107.3,1268,1/2/2021,1/2/2021
KB Lookalike Audience  8%,65+,male,1/2/2021,KB | Chinese New Year | Jan(13 - 26),,,73,,0.49,,,,,,,,,,,72,1/2/2021,1/2/2021
KB Lookalike Audience  8%,25-34,unknown,1/2/2021,KB | Chinese New Year | Jan(13 - 26),,,58,,0.8,,,,,,,,,,,36,1/2/2021,1/2/2021
KB Lookalike Audience  8%,45-54,unknown,1/2/2021,KB | Chinese New Year | Jan(13 - 26),,,38,,0.78,,,,,,,,,,,24,1/2/2021,1/2/2021
KB Lookalike Audience  8%,65+,female,1/2/2021,KB | Chinese New Year | Jan(13 - 26),,,27,,0.53,,,,,,,,,,,16,1/2/2021,1/2/2021
KB Lookalike Audience  8%,55-64,unknown,1/2/2021,KB | Chinese New Year | Jan(13 - 26),,,11,,0.17,,,,,,,,,,,0,1/2/2021,1/2/2021
KB Lookalike Audience  8%,Unknown,unknown,1/2/2021,KB | Chinese New Year | Jan(13 - 26),,,3,,0.02,,,,,,,,,,,0,1/2/2021,1/2/2021
KB Lookalike Audience  8%,65+,unknown,1/2/2021,KB | Chinese New Year | Jan(13 - 26),,,3,,0.03,,,,,,,,,,,0,1/2/2021,1/2/2021
KB Lookalike Audience  8%,25-34,male,31/1/2021,KB | Chinese New Year | Jan(13 - 26),Website purchases,2,10092,36.62,73.24,11,11,1339.25,1339.25,4.258601857,4.25860186,2,2,311.9,311.9,8204,31/1/2021,31/1/2021
KB Lookalike Audience  8%,35-44,male,31/1/2021,KB | Chinese New Year | Jan(13 - 26),,,4871,,64.56,4,4,606.9,606.9,,,,,,,3648,31/1/2021,31/1/2021
KB Lookalike Audience  8%,25-34,female,31/1/2021,KB | Chinese New Year | Jan(13 - 26),Website purchases,1,2949,40.48,40.48,4,4,489.05,489.05,2.6506917,2.6506917,1,1,107.3,107.3,2452,31/1/2021,31/1/2021
KB Lookalike Audience  8%,35-44,female,31/1/2021,KB | Chinese New Year | Jan(13 - 26),Website purchases,2,1932,19.565,39.13,3,3,528.65,528.65,25.34117046,25.34117046,2,2,991.6,991.6,1548,31/1/2021,31/1/2021
KB Lookalike Audience  8%,45-54,male,31/1/2021,KB | Chinese New Year | Jan(13 - 26),Website purchases,1,1184,22.05,22.05,2,2,302.6,302.6,22.98639456,22.98639456,1,1,506.85,506.85,844,31/1/2021,31/1/2021
KB Lookalike Audience  8%,45-54,female,31/1/2021,KB | Chinese New Year | Jan(13 - 26),,,531,,14.06,,,,,,,,,,,440,31/1/2021,31/1/2021
KB Lookalike Audience  8%,55-64,male,31/1/2021,KB | Chinese New Year | Jan(13 - 26),,,257,,5.13,,,,,,,,,,,188,31/1/2021,31/1/2021
KB Lookalike Audience  8%,35-44,unknown,31/1/2021,KB | Chinese New Year | Jan(13 - 26),,,123,,2.07,,,,,,,,,,,123,31/1/2021,31/1/2021
KB Lookalike Audience  8%,55-64,female,31/1/2021,KB | Chinese New Year | Jan(13 - 26),,,100,,1.47,,,,,,,,,,,92,31/1/2021,31/1/2021
KB Lookalike Audience  8%,25-34,unknown,31/1/2021,KB | Chinese New Year | Jan(13 - 26),,,85,,0.8,,,,,,,,,,,85,31/1/2021,31/1/2021
KB Lookalike Audience  8%,65+,male,31/1/2021,KB | Chinese New Year | Jan(13 - 26),,,75,,0.61,,,,,,,,,,,64,31/1/2021,31/1/2021
KB Lookalike Audience  8%,45-54,unknown,31/1/2021,KB | Chinese New Year | Jan(13 - 26),,,43,,1.21,,,,,,,,,,,28,31/1/2021,31/1/2021
KB Lookalike Audience  8%,65+,female,31/1/2021,KB | Chinese New Year | Jan(13 - 26),,,20,,0.46,,,,,,,,,,,8,31/1/2021,31/1/2021
KB Lookalike Audience  8%,55-64,unknown,31/1/2021,KB | Chinese New Year | Jan(13 - 26),,,11,,0.05,,,,,,,,,,,11,31/1/2021,31/1/2021
KB Lookalike Audience  8%,65+,unknown,31/1/2021,KB | Chinese New Year | Jan(13 - 26),,,2,,0.01,,,,,,,,,,,2,31/1/2021,31/1/2021
KB Lookalike Audience  8%,13-17,unknown,31/1/2021,KB | Chinese New Year | Jan(13 - 26),,,1,,0.01,,,,,,,,,,,1,31/1/2021,31/1/2021
KB Lookalike Audience  8%,55-64,female,30/1/2021,KB | Chinese New Year | Jan(13 - 26),,,142,,4.18,,,,,,,,,,,88,30/1/2021,30/1/2021
KB Lookalike Audience  8%,Unknown,unknown,30/1/2021,KB | Chinese New Year | Jan(13 - 26),,,1,,0.14,,,,,,,,,,,0,30/1/2021,30/1/2021
KB Lookalike Audience  8%,65+,unknown,30/1/2021,KB | Chinese New Year | Jan(13 - 26),,,3,,0.01,,,,,,,,,,,0,30/1/2021,30/1/2021
KB Lookalike Audience  8%,55-64,unknown,30/1/2021,KB | Chinese New Year | Jan(13 - 26),,,12,,0.36,,,,,,,,,,,0,30/1/2021,30/1/2021
KB Lookalike Audience  8%,65+,female,30/1/2021,KB | Chinese New Year | Jan(13 - 26),,,27,,0.6,,,,,,,,,,,20,30/1/2021,30/1/2021
KB Lookalike Audience  8%,65+,male,30/1/2021,KB | Chinese New Year | Jan(13 - 26),,,45,,0.48,,,,,,,,,,,36,30/1/2021,30/1/2021
KB Lookalike Audience  8%,45-54,unknown,30/1/2021,KB | Chinese New Year | Jan(13 - 26),,,47,,1.35,,,,,,,,,,,47,30/1/2021,30/1/2021
KB Lookalike Audience  8%,25-34,unknown,30/1/2021,KB | Chinese New Year | Jan(13 - 26),,,70,,1.12,,,,,,,,,,,70,30/1/2021,30/1/2021
KB Lookalike Audience  8%,25-34,male,30/1/2021,KB | Chinese New Year | Jan(13 - 26),Website purchases,4,7180,16.9725,67.89,4,4,486.65,486.65,16.06053911,16.06053911,4,4,1090.35,1090.35,5556,30/1/2021,30/1/2021
KB Lookalike Audience  8%,35-44,unknown,30/1/2021,KB | Chinese New Year | Jan(13 - 26),,,160,,3.13,,,,,,,,,,,104,30/1/2021,30/1/2021
KB Lookalike Audience  8%,45-54,female,30/1/2021,KB | Chinese New Year | Jan(13 - 26),Website purchases,1,686,18.56,18.56,,,,,24.84105603,24.84105603,1,1,461.05,461.05,512,30/1/2021,30/1/2021
KB Lookalike Audience  8%,45-54,male,30/1/2021,KB | Chinese New Year | Jan(13 - 26),,,1079,,22.09,2,2,369.45,369.45,,,,,,,692,30/1/2021,30/1/2021
KB Lookalike Audience  8%,35-44,female,30/1/2021,KB | Chinese New Year | Jan(13 - 26),Website purchases,1,2240,53.61,53.61,2,2,291.55,291.55,3.809923522,3.80992352,1,1,204.25,204.25,1756,30/1/2021,30/1/2021
KB Lookalike Audience  8%,25-34,female,30/1/2021,KB | Chinese New Year | Jan(13 - 26),,,2704,,45.97,2,2,194.6,194.6,,,,,,,2184,30/1/2021,30/1/2021
KB Lookalike Audience  8%,35-44,male,30/1/2021,KB | Chinese New Year | Jan(13 - 26),Website purchases,2,4042,28.955,57.91,1,1,175.2,175.2,3.705750302,3.7057503,2,2,214.6,214.6,2868,30/1/2021,30/1/2021
KB Lookalike Audience  8%,55-64,male,30/1/2021,KB | Chinese New Year | Jan(13 - 26),,,219,,4.13,,,,,,,,,,,172,30/1/2021,30/1/2021
KB Lookalike Audience  8%,55-64,female,29/1/2021,KB | Chinese New Year | Jan(13 - 26),,,167,,3.64,,,,,,,,,,,144,29/1/2021,29/1/2021
KB Lookalike Audience  8%,25-34,male,29/1/2021,KB | Chinese New Year | Jan(13 - 26),Website purchases,1,8576,62.69,62.69,5,5,742.3,742.3,3.263678418,3.26367842,1,1,204.6,204.6,7016,29/1/2021,29/1/2021
KB Lookalike Audience  8%,35-44,male,29/1/2021,KB | Chinese New Year | Jan(13 - 26),Website purchases,2,4134,29.365,58.73,3,3,375.75,375.75,5.304784608,5.30478461,2,2,311.55,311.55,3104,29/1/2021,29/1/2021
KB Lookalike Audience  8%,25-34,female,29/1/2021,KB | Chinese New Year | Jan(13 - 26),,,2710,,43.05,2,2,272.5,272.5,,,,,,,2116,29/1/2021,29/1/2021
KB Lookalike Audience  8%,35-44,female,29/1/2021,KB | Chinese New Year | Jan(13 - 26),Website purchases,1,2125,50.91,50.91,3,3,582.75,582.75,15.08446278,15.08446278,1,1,767.95,767.95,1636,29/1/2021,29/1/2021
KB Lookalike Audience  8%,45-54,male,29/1/2021,KB | Chinese New Year | Jan(13 - 26),,,1139,,20.55,2,2,194.6,194.6,,,,,,,876,29/1/2021,29/1/2021
KB Lookalike Audience  8%,45-54,female,29/1/2021,KB | Chinese New Year | Jan(13 - 26),,,673,,16.7,6,6,1138.8,1138.8,,,,,,,492,29/1/2021,29/1/2021
KB Lookalike Audience  8%,55-64,male,29/1/2021,KB | Chinese New Year | Jan(13 - 26),,,254,,5.53,,,,,,,,,,,248,29/1/2021,29/1/2021
KB Lookalike Audience  8%,35-44,unknown,29/1/2021,KB | Chinese New Year | Jan(13 - 26),,,163,,2.87,,,,,,,,,,,124,29/1/2021,29/1/2021
KB Lookalike Audience  8%,25-34,unknown,29/1/2021,KB | Chinese New Year | Jan(13 - 26),,,81,,0.89,,,,,,,,,,,44,29/1/2021,29/1/2021
KB Lookalike Audience  8%,65+,male,29/1/2021,KB | Chinese New Year | Jan(13 - 26),,,59,,0.61,,,,,,,,,,,44,29/1/2021,29/1/2021
KB Lookalike Audience  8%,45-54,unknown,29/1/2021,KB | Chinese New Year | Jan(13 - 26),,,51,,1.81,,,,,,,,,,,48,29/1/2021,29/1/2021
KB Lookalike Audience  8%,65+,female,29/1/2021,KB | Chinese New Year | Jan(13 - 26),,,33,,1.22,,,,,,,,,,,12,29/1/2021,29/1/2021
KB Lookalike Audience  8%,55-64,unknown,29/1/2021,KB | Chinese New Year | Jan(13 - 26),,,15,,0.53,,,,,,,,,,,4,29/1/2021,29/1/2021
KB Lookalike Audience  8%,Unknown,unknown,29/1/2021,KB | Chinese New Year | Jan(13 - 26),,,3,,0.02,,,,,,,,,,,3,29/1/2021,29/1/2021
KB Lookalike Audience  8%,65+,unknown,29/1/2021,KB | Chinese New Year | Jan(13 - 26),,,2,,0.01,,,,,,,,,,,0,29/1/2021,29/1/2021
KB Lookalike Audience  8%,13-17,unknown,29/1/2021,KB | Chinese New Year | Jan(13 - 26),,,1,,0,,,,,,,,,,,0,29/1/2021,29/1/2021
KB Lookalike Audience  8%,55-64,female,28/1/2021,KB | Chinese New Year | Jan(13 - 26),,,182,,3.15,1,1,97.3,97.3,,,,,,,168,28/1/2021,28/1/2021
KB Lookalike Audience  8%,25-34,male,28/1/2021,KB | Chinese New Year | Jan(13 - 26),Website purchases,1,9026,61.12,61.12,2,2,291.55,291.55,1.755562827,1.75556283,1,1,107.3,107.3,7488,28/1/2021,28/1/2021
KB Lookalike Audience  8%,35-44,male,28/1/2021,KB | Chinese New Year | Jan(13 - 26),Website purchases,1,4599,60.38,60.38,1,1,175.2,175.2,1.975819808,1.97581981,1,1,119.3,119.3,3240,28/1/2021,28/1/2021
KB Lookalike Audience  8%,25-34,female,28/1/2021,KB | Chinese New Year | Jan(13 - 26),Website purchases,3,3151,14.90333333,44.71,1,1,97.3,97.3,11.76023261,11.76023261,3,3,525.8,525.8,2460,28/1/2021,28/1/2021
KB Lookalike Audience  8%,35-44,female,28/1/2021,KB | Chinese New Year | Jan(13 - 26),,,2393,,48.11,1,1,183.2,183.2,,,,,,,1972,28/1/2021,28/1/2021
KB Lookalike Audience  8%,45-54,male,28/1/2021,KB | Chinese New Year | Jan(13 - 26),,,1362,,22.96,,,,,,,,,,,1084,28/1/2021,28/1/2021
KB Lookalike Audience  8%,45-54,female,28/1/2021,KB | Chinese New Year | Jan(13 - 26),Website purchases,2,754,9.535,19.07,6,6,862.8,862.8,47.46984793,47.46984793,2,2,905.25,905.25,568,28/1/2021,28/1/2021
KB Lookalike Audience  8%,55-64,male,28/1/2021,KB | Chinese New Year | Jan(13 - 26),,,342,,6.65,,,,,,,,,,,312,28/1/2021,28/1/2021
KB Lookalike Audience  8%,25-34,unknown,28/1/2021,KB | Chinese New Year | Jan(13 - 26),,,79,,1.25,,,,,,,,,,,76,28/1/2021,28/1/2021
KB Lookalike Audience  8%,35-44,unknown,28/1/2021,KB | Chinese New Year | Jan(13 - 26),,,170,,3.2,,,,,,,,,,,100,28/1/2021,28/1/2021
KB Lookalike Audience  8%,65+,male,28/1/2021,KB | Chinese New Year | Jan(13 - 26),,,72,,0.84,,,,,,,,,,,64,28/1/2021,28/1/2021
KB Lookalike Audience  8%,45-54,unknown,28/1/2021,KB | Chinese New Year | Jan(13 - 26),,,56,,0.93,,,,,,,,,,,48,28/1/2021,28/1/2021
KB Lookalike Audience  8%,65+,female,28/1/2021,KB | Chinese New Year | Jan(13 - 26),,,38,,1.16,,,,,,,,,,,4,28/1/2021,28/1/2021
KB Lookalike Audience  8%,55-64,unknown,28/1/2021,KB | Chinese New Year | Jan(13 - 26),,,27,,0.87,,,,,,,,,,,16,28/1/2021,28/1/2021
KB Lookalike Audience  8%,65+,unknown,28/1/2021,KB | Chinese New Year | Jan(13 - 26),,,5,,0.08,,,,,,,,,,,0,28/1/2021,28/1/2021
KB Lookalike Audience  8%,55-64,female,27/1/2021,KB | Chinese New Year | Jan(13 - 26),,,199,,3.95,,,,,,,,,,,164,27/1/2021,27/1/2021
KB Lookalike Audience  8%,25-34,male,27/1/2021,KB | Chinese New Year | Jan(13 - 26),Website purchases,2,7812,28.185,56.37,3,3,353.8,353.8,2.788717403,2.7887174,2,2,157.2,157.2,6176,27/1/2021,27/1/2021
KB Lookalike Audience  8%,35-44,male,27/1/2021,KB | Chinese New Year | Jan(13 - 26),Website purchases,1,4282,56.75,56.75,3,3,537.75,537.75,7.801762115,7.80176211,1,1,442.75,442.75,3260,27/1/2021,27/1/2021
KB Lookalike Audience  8%,25-34,female,27/1/2021,KB | Chinese New Year | Jan(13 - 26),Website purchases,2,2685,20.2,40.4,4,4,433.1,433.1,27.83910891,27.83910891,2,2,1124.7,1124.7,2004,27/1/2021,27/1/2021
KB Lookalike Audience  8%,35-44,female,27/1/2021,KB | Chinese New Year | Jan(13 - 26),,,2146,,54.59,3,3,563.7,563.7,,,,,,,1624,27/1/2021,27/1/2021
KB Lookalike Audience  8%,45-54,male,27/1/2021,KB | Chinese New Year | Jan(13 - 26),Website purchases,2,1378,13.165,26.33,2,2,353.45,353.45,27.60729206,27.60729206,2,2,726.9,726.9,984,27/1/2021,27/1/2021
KB Lookalike Audience  8%,45-54,female,27/1/2021,KB | Chinese New Year | Jan(13 - 26),,,743,,18.1,3,3,466.75,466.75,,,,,,,596,27/1/2021,27/1/2021
KB Lookalike Audience  8%,55-64,male,27/1/2021,KB | Chinese New Year | Jan(13 - 26),,,373,,6.17,,,,,,,,,,,276,27/1/2021,27/1/2021
KB Lookalike Audience  8%,35-44,unknown,27/1/2021,KB | Chinese New Year | Jan(13 - 26),,,153,,3.47,,,,,,,,,,,108,27/1/2021,27/1/2021
KB Lookalike Audience  8%,65+,male,27/1/2021,KB | Chinese New Year | Jan(13 - 26),,,87,,0.96,,,,,,,,,,,72,27/1/2021,27/1/2021
KB Lookalike Audience  8%,25-34,unknown,27/1/2021,KB | Chinese New Year | Jan(13 - 26),,,81,,0.93,,,,,,,,,,,60,27/1/2021,27/1/2021
KB Lookalike Audience  8%,45-54,unknown,27/1/2021,KB | Chinese New Year | Jan(13 - 26),,,61,,1.77,,,,,,,,,,,40,27/1/2021,27/1/2021
KB Lookalike Audience  8%,65+,female,27/1/2021,KB | Chinese New Year | Jan(13 - 26),,,43,,1.5,,,,,,,,,,,28,27/1/2021,27/1/2021
KB Lookalike Audience  8%,55-64,unknown,27/1/2021,KB | Chinese New Year | Jan(13 - 26),,,27,,0.42,,,,,,,,,,,24,27/1/2021,27/1/2021
KB Lookalike Audience  8%,65+,unknown,27/1/2021,KB | Chinese New Year | Jan(13 - 26),,,3,,0.03,,,,,,,,,,,0,27/1/2021,27/1/2021
KB Lookalike Audience  8%,Unknown,unknown,27/1/2021,KB | Chinese New Year | Jan(13 - 26),,,1,,0.01,,,,,,,,,,,0,27/1/2021,27/1/2021
KB Lookalike Audience  8%,35-44,unknown,26/1/2021,KB | Chinese New Year | Jan(13 - 26),,,142,,3.79,,,,,,,,,,,120,26/1/2021,26/1/2021
KB Lookalike Audience  8%,25-34,male,26/1/2021,KB | Chinese New Year | Jan(13 - 26),Website purchases,2,6201,27.63,55.26,6,6,933.5,933.5,3.883460007,3.88346001,2,2,214.6,214.6,4688,26/1/2021,26/1/2021
KB Lookalike Audience  8%,35-44,male,26/1/2021,KB | Chinese New Year | Jan(13 - 26),Website purchases,2,3908,30.755,61.51,5,5,583.45,583.45,7.215899854,7.21589985,2,2,443.85,443.85,2688,26/1/2021,26/1/2021
KB Lookalike Audience  8%,25-34,female,26/1/2021,KB | Chinese New Year | Jan(13 - 26),Website purchases,1,1989,32.13,32.13,1,1,159.2,159.2,5.764083411,5.76408341,1,1,185.2,185.2,1592,26/1/2021,26/1/2021
KB Lookalike Audience  8%,35-44,female,26/1/2021,KB | Chinese New Year | Jan(13 - 26),Website purchases,2,1723,21.99,43.98,5,5,708.15,708.15,9.861300591,9.86130059,2,2,433.7,433.7,1376,26/1/2021,26/1/2021
KB Lookalike Audience  8%,45-54,male,26/1/2021,KB | Chinese New Year | Jan(13 - 26),Website purchases,1,1187,29.98,29.98,3,3,563.7,563.7,6.177451634,6.17745163,1,1,185.2,185.2,836,26/1/2021,26/1/2021
KB Lookalike Audience  8%,45-54,female,26/1/2021,KB | Chinese New Year | Jan(13 - 26),,,543,,17.94,2,2,388.5,388.5,,,,,,,384,26/1/2021,26/1/2021
KB Lookalike Audience  8%,55-64,male,26/1/2021,KB | Chinese New Year | Jan(13 - 26),,,283,,6.85,,,,,,,,,,,252,26/1/2021,26/1/2021
KB Lookalike Audience  8%,65+,male,26/1/2021,KB | Chinese New Year | Jan(13 - 26),,,88,,0.96,,,,,,,,,,,76,26/1/2021,26/1/2021
KB Lookalike Audience  8%,55-64,female,26/1/2021,KB | Chinese New Year | Jan(13 - 26),,,131,,2.9,,,,,,,,,,,84,26/1/2021,26/1/2021
KB Lookalike Audience  8%,25-34,unknown,26/1/2021,KB | Chinese New Year | Jan(13 - 26),,,73,,1.3,,,,,,,,,,,48,26/1/2021,26/1/2021
KB Lookalike Audience  8%,45-54,unknown,26/1/2021,KB | Chinese New Year | Jan(13 - 26),,,53,,2.78,,,,,,,,,,,36,26/1/2021,26/1/2021
KB Lookalike Audience  8%,65+,female,26/1/2021,KB | Chinese New Year | Jan(13 - 26),,,44,,1.83,,,,,,,,,,,12,26/1/2021,26/1/2021
KB Lookalike Audience  8%,55-64,unknown,26/1/2021,KB | Chinese New Year | Jan(13 - 26),,,11,,0.14,,,,,,,,,,,4,26/1/2021,26/1/2021
KB Lookalike Audience  8%,65+,unknown,26/1/2021,KB | Chinese New Year | Jan(13 - 26),,,7,,0.04,,,,,,,,,,,0,26/1/2021,26/1/2021
KB Lookalike Audience  8%,35-44,unknown,25/1/2021,KB | Chinese New Year | Jan(13 - 26),,,153,,5.88,,,,,,,,,,,84,25/1/2021,25/1/2021
KB Lookalike Audience  8%,25-34,male,25/1/2021,KB | Chinese New Year | Jan(13 - 26),,,6328,,57.35,4,4,655.95,655.95,,,,,,,5120,25/1/2021,25/1/2021
KB Lookalike Audience  8%,35-44,male,25/1/2021,KB | Chinese New Year | Jan(13 - 26),Website purchases,3,4060,23.81,71.43,4,4,613.1,613.1,8.578328433,8.57832843,3,3,612.75,612.75,2936,25/1/2021,25/1/2021
KB Lookalike Audience  8%,25-34,female,25/1/2021,KB | Chinese New Year | Jan(13 - 26),Website purchases,1,2325,39.17,39.17,1,1,194.25,194.25,5.214449834,5.21444983,1,1,204.25,204.25,1904,25/1/2021,25/1/2021
KB Lookalike Audience  8%,35-44,female,25/1/2021,KB | Chinese New Year | Jan(13 - 26),Website purchases,2,1880,25.965,51.93,4,4,548.05,548.05,8.072405161,8.07240516,2,2,419.2,419.2,1524,25/1/2021,25/1/2021
KB Lookalike Audience  8%,45-54,male,25/1/2021,KB | Chinese New Year | Jan(13 - 26),Website purchases,1,1291,34.85,34.85,1,1,194.25,194.25,3.078909613,3.07890961,1,1,107.3,107.3,932,25/1/2021,25/1/2021
KB Lookalike Audience  8%,45-54,female,25/1/2021,KB | Chinese New Year | Jan(13 - 26),,,607,,19.67,,,,,,,,,,,464,25/1/2021,25/1/2021
KB Lookalike Audience  8%,55-64,male,25/1/2021,KB | Chinese New Year | Jan(13 - 26),,,301,,6.46,,,,,,,,,,,212,25/1/2021,25/1/2021
KB Lookalike Audience  8%,55-64,female,25/1/2021,KB | Chinese New Year | Jan(13 - 26),,,139,,4.37,,,,,,,,,,,96,25/1/2021,25/1/2021
KB Lookalike Audience  8%,65+,male,25/1/2021,KB | Chinese New Year | Jan(13 - 26),,,84,,1.02,,,,,,,,,,,56,25/1/2021,25/1/2021
KB Lookalike Audience  8%,45-54,unknown,25/1/2021,KB | Chinese New Year | Jan(13 - 26),,,64,,2.98,,,,,,,,,,,48,25/1/2021,25/1/2021
KB Lookalike Audience  8%,25-34,unknown,25/1/2021,KB | Chinese New Year | Jan(13 - 26),,,63,,1,,,,,,,,,,,60,25/1/2021,25/1/2021
KB Lookalike Audience  8%,65+,female,25/1/2021,KB | Chinese New Year | Jan(13 - 26),,,35,,1.27,,,,,,,,,,,20,25/1/2021,25/1/2021
KB Lookalike Audience  8%,55-64,unknown,25/1/2021,KB | Chinese New Year | Jan(13 - 26),,,18,,0.32,,,,,,,,,,,8,25/1/2021,25/1/2021
KB Lookalike Audience  8%,Unknown,unknown,25/1/2021,KB | Chinese New Year | Jan(13 - 26),,,2,,0.08,,,,,,,,,,,0,25/1/2021,25/1/2021
KB Lookalike Audience  8%,65+,unknown,25/1/2021,KB | Chinese New Year | Jan(13 - 26),,,2,,0.02,,,,,,,,,,,0,25/1/2021,25/1/2021
KB Lookalike Audience  8%,35-44,unknown,24/1/2021,KB | Chinese New Year | Jan(13 - 26),,,219,,3.77,4,4,746.95,746.95,,,,,,,176,24/1/2021,24/1/2021
KB Lookalike Audience  8%,25-34,male,24/1/2021,KB | Chinese New Year | Jan(13 - 26),Website purchases,1,10533,88.35,88.35,1,1,97.3,97.3,1.214487832,1.21448783,1,1,107.3,107.3,8292,24/1/2021,24/1/2021
KB Lookalike Audience  8%,35-44,male,24/1/2021,KB | Chinese New Year | Jan(13 - 26),Website purchases,4,6352,22.315,89.26,6,6,914.45,914.45,9.820188214,9.82018821,4,4,876.55,876.55,4672,24/1/2021,24/1/2021
KB Lookalike Audience  8%,25-34,female,24/1/2021,KB | Chinese New Year | Jan(13 - 26),,,3461,,52.14,3,3,453.65,453.65,,,,,,,2960,24/1/2021,24/1/2021
KB Lookalike Audience  8%,35-44,female,24/1/2021,KB | Chinese New Year | Jan(13 - 26),Website purchases,2,2441,32.57,65.14,2,2,334.4,334.4,5.4405895,5.4405895,2,2,354.4,354.4,2084,24/1/2021,24/1/2021
KB Lookalike Audience  8%,45-54,male,24/1/2021,KB | Chinese New Year | Jan(13 - 26),,,1911,,43.72,5,5,836.2,836.2,,,,,,,1416,24/1/2021,24/1/2021
KB Lookalike Audience  8%,45-54,female,24/1/2021,KB | Chinese New Year | Jan(13 - 26),,,772,,20.37,,,,,,,,,,,616,24/1/2021,24/1/2021
KB Lookalike Audience  8%,55-64,male,24/1/2021,KB | Chinese New Year | Jan(13 - 26),Website purchases,1,434,8.25,8.25,,,,,24.75757576,24.75757576,1,1,204.25,204.25,434,24/1/2021,24/1/2021
KB Lookalike Audience  8%,65+,male,24/1/2021,KB | Chinese New Year | Jan(13 - 26),,,127,,1.6,,,,,,,,,,,96,24/1/2021,24/1/2021
KB Lookalike Audience  8%,55-64,female,24/1/2021,KB | Chinese New Year | Jan(13 - 26),,,171,,3.09,,,,,,,,,,,171,24/1/2021,24/1/2021
KB Lookalike Audience  8%,25-34,unknown,24/1/2021,KB | Chinese New Year | Jan(13 - 26),,,116,,1.35,,,,,,,,,,,88,24/1/2021,24/1/2021
KB Lookalike Audience  8%,45-54,unknown,24/1/2021,KB | Chinese New Year | Jan(13 - 26),,,90,,2.48,,,,,,,,,,,56,24/1/2021,24/1/2021
KB Lookalike Audience  8%,65+,female,24/1/2021,KB | Chinese New Year | Jan(13 - 26),,,53,,1.34,,,,,,,,,,,44,24/1/2021,24/1/2021
KB Lookalike Audience  8%,55-64,unknown,24/1/2021,KB | Chinese New Year | Jan(13 - 26),,,20,,0.3,,,,,,,,,,,12,24/1/2021,24/1/2021
KB Lookalike Audience  8%,65+,unknown,24/1/2021,KB | Chinese New Year | Jan(13 - 26),,,10,,0.15,,,,,,,,,,,8,24/1/2021,24/1/2021
KB Lookalike Audience  8%,Unknown,unknown,24/1/2021,KB | Chinese New Year | Jan(13 - 26),,,4,,0.1,,,,,,,,,,,4,24/1/2021,24/1/2021
KB Lookalike Audience  8%,55-64,female,23/1/2021,KB | Chinese New Year | Jan(13 - 26),,,211,,5.77,,,,,,,,,,,188,23/1/2021,23/1/2021
KB Lookalike Audience  8%,25-34,male,23/1/2021,KB | Chinese New Year | Jan(13 - 26),Website purchases,3,9623,28.77666667,86.33,11,11,1323.3,1323.3,5.75813738,5.75813738,3,3,497.1,497.1,7664,23/1/2021,23/1/2021
KB Lookalike Audience  8%,35-44,male,23/1/2021,KB | Chinese New Year | Jan(13 - 26),Website purchases,3,5994,28.82,86.46,11,11,1896.65,1896.65,15.75988897,15.75988897,3,3,1362.6,1362.6,4544,23/1/2021,23/1/2021
KB Lookalike Audience  8%,25-34,female,23/1/2021,KB | Chinese New Year | Jan(13 - 26),Website purchases,1,3581,59.26,59.26,3,3,507.9,507.9,3.446675667,3.44667567,1,1,204.25,204.25,2956,23/1/2021,23/1/2021
KB Lookalike Audience  8%,35-44,female,23/1/2021,KB | Chinese New Year | Jan(13 - 26),,,2860,,79.02,4,4,389.2,389.2,,,,,,,2392,23/1/2021,23/1/2021
KB Lookalike Audience  8%,45-54,male,23/1/2021,KB | Chinese New Year | Jan(13 - 26),,,1972,,38.43,3,3,544.65,544.65,,,,,,,1576,23/1/2021,23/1/2021
KB Lookalike Audience  8%,45-54,female,23/1/2021,KB | Chinese New Year | Jan(13 - 26),,,1027,,30.02,,,,,,,,,,,764,23/1/2021,23/1/2021
KB Lookalike Audience  8%,55-64,male,23/1/2021,KB | Chinese New Year | Jan(13 - 26),,,481,,9.89,,,,,,,,,,,436,23/1/2021,23/1/2021
KB Lookalike Audience  8%,35-44,unknown,23/1/2021,KB | Chinese New Year | Jan(13 - 26),,,200,,4.21,,,,,,,,,,,140,23/1/2021,23/1/2021
KB Lookalike Audience  8%,65+,male,23/1/2021,KB | Chinese New Year | Jan(13 - 26),,,134,,1.22,,,,,,,,,,,84,23/1/2021,23/1/2021
KB Lookalike Audience  8%,25-34,unknown,23/1/2021,KB | Chinese New Year | Jan(13 - 26),,,94,,1.15,,,,,,,,,,,92,23/1/2021,23/1/2021
KB Lookalike Audience  8%,45-54,unknown,23/1/2021,KB | Chinese New Year | Jan(13 - 26),,,76,,2.49,,,,,,,,,,,76,23/1/2021,23/1/2021
KB Lookalike Audience  8%,65+,female,23/1/2021,KB | Chinese New Year | Jan(13 - 26),,,48,,1.77,,,,,,,,,,,40,23/1/2021,23/1/2021
KB Lookalike Audience  8%,55-64,unknown,23/1/2021,KB | Chinese New Year | Jan(13 - 26),,,19,,0.47,,,,,,,,,,,12,23/1/2021,23/1/2021
KB Lookalike Audience  8%,65+,unknown,23/1/2021,KB | Chinese New Year | Jan(13 - 26),,,9,,0.1,,,,,,,,,,,8,23/1/2021,23/1/2021
KB Lookalike Audience  8%,35-44,unknown,22/1/2021,KB | Chinese New Year | Jan(13 - 26),,,221,,3.67,,,,,,,,,,,188,22/1/2021,22/1/2021
KB Lookalike Audience  8%,35-44,male,22/1/2021,KB | Chinese New Year | Jan(13 - 26),Website purchases,4,6065,21.9325,87.73,10,10,1716.3,1716.3,20.1253847,20.1253847,4,4,1765.6,1765.6,4716,22/1/2021,22/1/2021
KB Lookalike Audience  8%,25-34,female,22/1/2021,KB | Chinese New Year | Jan(13 - 26),Website purchases,2,3842,28.675,57.35,5,5,879.05,879.05,10.93112467,10.93112467,2,2,626.9,626.9,3196,22/1/2021,22/1/2021
KB Lookalike Audience  8%,35-44,female,22/1/2021,KB | Chinese New Year | Jan(13 - 26),Website purchases,3,3492,26.90666667,80.72,2,2,302.6,302.6,6.492195243,6.49219524,3,3,524.05,524.05,2824,22/1/2021,22/1/2021
KB Lookalike Audience  8%,45-54,male,22/1/2021,KB | Chinese New Year | Jan(13 - 26),Website purchases,1,1943,36.04,36.04,1,1,97.3,97.3,2.977247503,2.9772475,1,1,107.3,107.3,1412,22/1/2021,22/1/2021
KB Lookalike Audience  8%,45-54,female,22/1/2021,KB | Chinese New Year | Jan(13 - 26),,,1340,,36.66,,,,,,,,,,,996,22/1/2021,22/1/2021
KB Lookalike Audience  8%,55-64,male,22/1/2021,KB | Chinese New Year | Jan(13 - 26),,,529,,9.33,2,2,377.45,377.45,,,,,,,428,22/1/2021,22/1/2021
KB Lookalike Audience  8%,55-64,female,22/1/2021,KB | Chinese New Year | Jan(13 - 26),,,400,,9.51,,,,,,,,,,,316,22/1/2021,22/1/2021
KB Lookalike Audience  8%,25-34,male,22/1/2021,KB | Chinese New Year | Jan(13 - 26),,,8812,,73.78,4,4,411.3,411.3,,,,,,,6992,22/1/2021,22/1/2021
KB Lookalike Audience  8%,65+,male,22/1/2021,KB | Chinese New Year | Jan(13 - 26),,,171,,1.49,,,,,,,,,,,148,22/1/2021,22/1/2021
KB Lookalike Audience  8%,45-54,unknown,22/1/2021,KB | Chinese New Year | Jan(13 - 26),,,98,,2.81,,,,,,,,,,,72,22/1/2021,22/1/2021
KB Lookalike Audience  8%,25-34,unknown,22/1/2021,KB | Chinese New Year | Jan(13 - 26),,,90,,1.15,,,,,,,,,,,80,22/1/2021,22/1/2021
KB Lookalike Audience  8%,55-64,unknown,22/1/2021,KB | Chinese New Year | Jan(13 - 26),,,36,,0.92,,,,,,,,,,,4,22/1/2021,22/1/2021
KB Lookalike Audience  8%,65+,unknown,22/1/2021,KB | Chinese New Year | Jan(13 - 26),,,5,,0.27,,,,,,,,,,,5,22/1/2021,22/1/2021
KB Lookalike Audience  8%,Unknown,unknown,22/1/2021,KB | Chinese New Year | Jan(13 - 26),,,1,,0,,,,,,,,,,,0,22/1/2021,22/1/2021
KB Lookalike Audience  8%,65+,female,22/1/2021,KB | Chinese New Year | Jan(13 - 26),Website purchases,1,121,3.28,3.28,,,,,109.8780488,109.8780488,1,1,360.4,360.4,108,22/1/2021,22/1/2021
KB Lookalike Audience  8%,55-64,female,21/1/2021,KB | Chinese New Year | Jan(13 - 26),,,272,,7.38,,,,,,,,,,,192,21/1/2021,21/1/2021
KB Lookalike Audience  8%,25-34,male,21/1/2021,KB | Chinese New Year | Jan(13 - 26),,,11973,,81.72,5,5,541.35,541.35,,,,,,,9816,21/1/2021,21/1/2021
KB Lookalike Audience  8%,35-44,male,21/1/2021,KB | Chinese New Year | Jan(13 - 26),Website purchases,1,5240,65.89,65.89,,,,,1.628471695,1.6284717,1,1,107.3,107.3,3848,21/1/2021,21/1/2021
KB Lookalike Audience  8%,35-44,female,21/1/2021,KB | Chinese New Year | Jan(13 - 26),Website purchases,1,3863,85.17,85.17,6,6,1092.35,1092.35,1.986615005,1.98661501,1,1,169.2,169.2,3536,21/1/2021,21/1/2021
KB Lookalike Audience  8%,45-54,male,21/1/2021,KB | Chinese New Year | Jan(13 - 26),,,1310,,23.36,,,,,,,,,,,992,21/1/2021,21/1/2021
KB Lookalike Audience  8%,45-54,female,21/1/2021,KB | Chinese New Year | Jan(13 - 26),,,1134,,27.7,1,1,175.2,175.2,,,,,,,776,21/1/2021,21/1/2021
KB Lookalike Audience  8%,55-64,male,21/1/2021,KB | Chinese New Year | Jan(13 - 26),,,330,,5.37,,,,,,,,,,,224,21/1/2021,21/1/2021
KB Lookalike Audience  8%,25-34,female,21/1/2021,KB | Chinese New Year | Jan(13 - 26),Website purchases,1,6133,79.24,79.24,3,3,291.9,291.9,1.354114084,1.35411408,1,1,107.3,107.3,5488,21/1/2021,21/1/2021
KB Lookalike Audience  8%,35-44,unknown,21/1/2021,KB | Chinese New Year | Jan(13 - 26),,,211,,4.34,2,2,350.4,350.4,,,,,,,168,21/1/2021,21/1/2021
KB Lookalike Audience  8%,65+,male,21/1/2021,KB | Chinese New Year | Jan(13 - 26),,,152,,1.48,,,,,,,,,,,152,21/1/2021,21/1/2021
KB Lookalike Audience  8%,25-34,unknown,21/1/2021,KB | Chinese New Year | Jan(13 - 26),,,109,,1.73,,,,,,,,,,,96,21/1/2021,21/1/2021
KB Lookalike Audience  8%,65+,female,21/1/2021,KB | Chinese New Year | Jan(13 - 26),,,102,,2.43,,,,,,,,,,,102,21/1/2021,21/1/2021
KB Lookalike Audience  8%,45-54,unknown,21/1/2021,KB | Chinese New Year | Jan(13 - 26),,,61,,1.34,,,,,,,,,,,32,21/1/2021,21/1/2021
KB Lookalike Audience  8%,55-64,unknown,21/1/2021,KB | Chinese New Year | Jan(13 - 26),,,18,,0.23,,,,,,,,,,,16,21/1/2021,21/1/2021
KB Lookalike Audience  8%,65+,unknown,21/1/2021,KB | Chinese New Year | Jan(13 - 26),,,5,,0.07,,,,,,,,,,,0,21/1/2021,21/1/2021
KB Lookalike Audience  8%,25-34,male,20/1/2021,KB | Chinese New Year | Jan(13 - 26),Website purchases,1,17295,103.5273604,103.5273604,,,,,1.788899082,1.78889908,1,1,185.2,185.2,13639,20/1/2021,20/1/2021
KB Lookalike Audience  8%,35-44,male,20/1/2021,KB | Chinese New Year | Jan(13 - 26),Website purchases,1,6268,73.69812095,73.69812095,2,2,350.4,350.4,4.740962123,4.74096212,1,1,349.4,349.4,4664,20/1/2021,20/1/2021
KB Lookalike Audience  8%,25-34,female,20/1/2021,KB | Chinese New Year | Jan(13 - 26),,,6154,,66.9382933,,,,,,,,,,,5344,20/1/2021,20/1/2021
KB Lookalike Audience  8%,35-44,female,20/1/2021,KB | Chinese New Year | Jan(13 - 26),Website purchases,2,3328,35.20910229,70.41820458,1,1,119.25,119.25,11.13490474,11.13490474,2,2,784.1,784.1,2560,20/1/2021,20/1/2021
KB Lookalike Audience  8%,45-54,male,20/1/2021,KB | Chinese New Year | Jan(13 - 26),,,1622,,25.93933864,,,,,,,,,,,1208,20/1/2021,20/1/2021
KB Lookalike Audience  8%,45-54,female,20/1/2021,KB | Chinese New Year | Jan(13 - 26),Website purchases,2,968,13.11966549,26.23933099,3,3,563.7,563.7,32.82095875,32.82095875,2,2,861.2,861.2,720,20/1/2021,20/1/2021
KB Lookalike Audience  8%,55-64,male,20/1/2021,KB | Chinese New Year | Jan(13 - 26),,,407,,7.049820254,1,1,175.2,175.2,,,,,,,352,20/1/2021,20/1/2021
KB Lookalike Audience  8%,55-64,female,20/1/2021,KB | Chinese New Year | Jan(13 - 26),,,258,,5.849850849,,,,,,,,,,,168,20/1/2021,20/1/2021
KB Lookalike Audience  8%,35-44,unknown,20/1/2021,KB | Chinese New Year | Jan(13 - 26),,,226,,3.599908215,,,,,,,,,,,184,20/1/2021,20/1/2021
KB Lookalike Audience  8%,65+,male,20/1/2021,KB | Chinese New Year | Jan(13 - 26),,,244,,2.079946969,,,,,,,,,,,160,20/1/2021,20/1/2021
KB Lookalike Audience  8%,25-34,unknown,20/1/2021,KB | Chinese New Year | Jan(13 - 26),,,146,,1.409964051,,,,,,,,,,,146,20/1/2021,20/1/2021
KB Lookalike Audience  8%,65+,female,20/1/2021,KB | Chinese New Year | Jan(13 - 26),,,127,,2.47993677,,,,,,,,,,,72,20/1/2021,20/1/2021
KB Lookalike Audience  8%,45-54,unknown,20/1/2021,KB | Chinese New Year | Jan(13 - 26),,,85,,2.469937025,,,,,,,,,,,80,20/1/2021,20/1/2021
KB Lookalike Audience  8%,55-64,unknown,20/1/2021,KB | Chinese New Year | Jan(13 - 26),,,21,,0.369990567,,,,,,,,,,,8,20/1/2021,20/1/2021
KB Lookalike Audience  8%,65+,unknown,20/1/2021,KB | Chinese New Year | Jan(13 - 26),,,12,,0.11999694,,,,,,,,,,,8,20/1/2021,20/1/2021
KB Lookalike Audience  8%,13-17,unknown,20/1/2021,KB | Chinese New Year | Jan(13 - 26),,,1,,0.01999949,,,,,,,,,,,0,20/1/2021,20/1/2021
KB Lookalike Audience  8%,35-44,male,19/1/2021,KB | Chinese New Year | Jan(13 - 26),Website purchases,2,4895,34.24,68.48,5,5,691.45,691.45,5.970356308,5.97035631,2,2,408.85,408.85,3512,19/1/2021,19/1/2021
KB Lookalike Audience  8%,35-44,unknown,19/1/2021,KB | Chinese New Year | Jan(13 - 26),,,191,,3.1,,,,,,,,,,,128,19/1/2021,19/1/2021
KB Lookalike Audience  8%,35-44,female,19/1/2021,KB | Chinese New Year | Jan(13 - 26),,,3379,,80.89,3,3,469.65,469.65,,,,,,,2824,19/1/2021,19/1/2021
KB Lookalike Audience  8%,45-54,male,19/1/2021,KB | Chinese New Year | Jan(13 - 26),,,1249,,23.68,,,,,,,,,,,952,19/1/2021,19/1/2021
KB Lookalike Audience  8%,45-54,female,19/1/2021,KB | Chinese New Year | Jan(13 - 26),,,1009,,28.44,,,,,,,,,,,728,19/1/2021,19/1/2021
KB Lookalike Audience  8%,55-64,male,19/1/2021,KB | Chinese New Year | Jan(13 - 26),,,338,,4.96,,,,,,,,,,,272,19/1/2021,19/1/2021
KB Lookalike Audience  8%,55-64,female,19/1/2021,KB | Chinese New Year | Jan(13 - 26),,,253,,6.38,,,,,,,,,,,184,19/1/2021,19/1/2021
KB Lookalike Audience  8%,65+,female,19/1/2021,KB | Chinese New Year | Jan(13 - 26),,,87,,1.7,,,,,,,,,,,87,19/1/2021,19/1/2021
KB Lookalike Audience  8%,65+,male,19/1/2021,KB | Chinese New Year | Jan(13 - 26),,,138,,1.02,,,,,,,,,,,96,19/1/2021,19/1/2021
KB Lookalike Audience  8%,65+,unknown,19/1/2021,KB | Chinese New Year | Jan(13 - 26),,,12,,0.14,,,,,,,,,,,12,19/1/2021,19/1/2021
KB Lookalike Audience  8%,25-34,unknown,19/1/2021,KB | Chinese New Year | Jan(13 - 26),,,97,,1.13,,,,,,,,,,,97,19/1/2021,19/1/2021
KB Lookalike Audience  8%,25-34,male,19/1/2021,KB | Chinese New Year | Jan(13 - 26),Website purchases,2,11435,43.24,86.48,6,6,898.45,898.45,2.312789084,2.31278908,2,2,200.01,200.01,8792,19/1/2021,19/1/2021
KB Lookalike Audience  8%,55-64,unknown,19/1/2021,KB | Chinese New Year | Jan(13 - 26),,,14,,0.34,,,,,,,,,,,0,19/1/2021,19/1/2021
KB Lookalike Audience  8%,45-54,unknown,19/1/2021,KB | Chinese New Year | Jan(13 - 26),,,73,,2.31,,,,,,,,,,,48,19/1/2021,19/1/2021
KB Lookalike Audience  8%,25-34,female,19/1/2021,KB | Chinese New Year | Jan(13 - 26),Website purchases,3,5524,25.69666667,77.09,2,2,215.1,215.1,19.50771825,19.50771825,3,3,1503.85,1503.85,4928,19/1/2021,19/1/2021
KB Lookalike Audience  8%,25-34,female,18/1/2021,KB | Chinese New Year | Jan(13 - 26),Website purchases,1,3223,54.03,54.03,4,4,583.1,583.1,2.263557283,2.26355728,1,1,122.3,122.3,2756,18/1/2021,18/1/2021
KB Lookalike Audience  8%,35-44,male,18/1/2021,KB | Chinese New Year | Jan(13 - 26),Website purchases,2,2832,22.305,44.61,9,9,1462.15,1462.15,24.94283793,24.94283793,2,2,1112.7,1112.7,2136,18/1/2021,18/1/2021
KB Lookalike Audience  8%,35-44,female,18/1/2021,KB | Chinese New Year | Jan(13 - 26),,,2629,,65.08,,,,,,,,,,,2236,18/1/2021,18/1/2021
KB Lookalike Audience  8%,45-54,female,18/1/2021,KB | Chinese New Year | Jan(13 - 26),Website purchases,1,818,20.36,20.36,1,1,175.2,175.2,10.03192534,10.03192534,1,1,204.25,204.25,680,18/1/2021,18/1/2021
KB Lookalike Audience  8%,45-54,male,18/1/2021,KB | Chinese New Year | Jan(13 - 26),,,676,,14.1,,,,,,,,,,,508,18/1/2021,18/1/2021
KB Lookalike Audience  8%,55-64,female,18/1/2021,KB | Chinese New Year | Jan(13 - 26),,,192,,4.08,,,,,,,,,,,164,18/1/2021,18/1/2021
KB Lookalike Audience  8%,55-64,male,18/1/2021,KB | Chinese New Year | Jan(13 - 26),,,148,,2.82,7,7,1049.85,1049.85,,,,,,,124,18/1/2021,18/1/2021
KB Lookalike Audience  8%,35-44,unknown,18/1/2021,KB | Chinese New Year | Jan(13 - 26),,,124,,2.15,,,,,,,,,,,116,18/1/2021,18/1/2021
KB Lookalike Audience  8%,25-34,unknown,18/1/2021,KB | Chinese New Year | Jan(13 - 26),,,60,,0.86,,,,,,,,,,,52,18/1/2021,18/1/2021
KB Lookalike Audience  8%,65+,female,18/1/2021,KB | Chinese New Year | Jan(13 - 26),,,53,,0.84,,,,,,,,,,,53,18/1/2021,18/1/2021
KB Lookalike Audience  8%,45-54,unknown,18/1/2021,KB | Chinese New Year | Jan(13 - 26),,,52,,1.17,,,,,,,,,,,40,18/1/2021,18/1/2021
KB Lookalike Audience  8%,65+,male,18/1/2021,KB | Chinese New Year | Jan(13 - 26),,,40,,0.53,,,,,,,,,,,32,18/1/2021,18/1/2021
KB Lookalike Audience  8%,55-64,unknown,18/1/2021,KB | Chinese New Year | Jan(13 - 26),,,12,,0.17,,,,,,,,,,,12,18/1/2021,18/1/2021
KB Lookalike Audience  8%,65+,unknown,18/1/2021,KB | Chinese New Year | Jan(13 - 26),,,1,,0.03,,,,,,,,,,,0,18/1/2021,18/1/2021
KB Lookalike Audience  8%,25-34,male,18/1/2021,KB | Chinese New Year | Jan(13 - 26),,,5169,,51.05,1,1,175.2,175.2,,,,,,,3976,18/1/2021,18/1/2021
KB Lookalike Audience  8%,55-64,unknown,17/1/2021,KB | Chinese New Year | Jan(13 - 26),,,4,,0.069995264,,,,,,,,,,,2,17/1/2021,17/1/2021
KB Lookalike Audience  8%,65+,unknown,17/1/2021,KB | Chinese New Year | Jan(13 - 26),,,4,,0.019998647,,,,,,,,,,,2,17/1/2021,17/1/2021
KB Lookalike Audience  8%,25-34,unknown,17/1/2021,KB | Chinese New Year | Jan(13 - 26),,,37,,0.429970909,,,,,,,,,,,26,17/1/2021,17/1/2021
KB Lookalike Audience  8%,25-34,male,17/1/2021,KB | Chinese New Year | Jan(13 - 26),Website purchases,1,3057,30.16795887,30.16795887,3,3,525.6,525.6,3.722492479,3.72249248,1,1,112.3,112.3,2300,17/1/2021,17/1/2021
KB Lookalike Audience  8%,35-44,male,17/1/2021,KB | Chinese New Year | Jan(13 - 26),,,1898,,29.72798863,,,,,,,,,,,1386,17/1/2021,17/1/2021
KB Lookalike Audience  8%,35-44,female,17/1/2021,KB | Chinese New Year | Jan(13 - 26),Website purchases,2,1615,18.43875245,36.8775049,6,6,783.6,783.6,7.931664595,7.93166459,2,2,292.5,292.5,1318,17/1/2021,17/1/2021
KB Lookalike Audience  8%,25-34,female,17/1/2021,KB | Chinese New Year | Jan(13 - 26),,,1613,,23.958379,,,,,,,,,,,1366,17/1/2021,17/1/2021
KB Lookalike Audience  8%,45-54,female,17/1/2021,KB | Chinese New Year | Jan(13 - 26),,,482,,12.69914079,,,,,,,,,,,428,17/1/2021,17/1/2021
KB Lookalike Audience  8%,45-54,male,17/1/2021,KB | Chinese New Year | Jan(13 - 26),,,382,,7.549489209,,,,,,,,,,,280,17/1/2021,17/1/2021
KB Lookalike Audience  8%,55-64,female,17/1/2021,KB | Chinese New Year | Jan(13 - 26),,,109,,1.859874163,,,,,,,,,,,78,17/1/2021,17/1/2021
KB Lookalike Audience  8%,35-44,unknown,17/1/2021,KB | Chinese New Year | Jan(13 - 26),,,106,,1.539895812,,,,,,,,,,,78,17/1/2021,17/1/2021
KB Lookalike Audience  8%,55-64,male,17/1/2021,KB | Chinese New Year | Jan(13 - 26),,,84,,1.149922197,,,,,,,,,,,68,17/1/2021,17/1/2021
KB Lookalike Audience  8%,65+,female,17/1/2021,KB | Chinese New Year | Jan(13 - 26),,,44,,0.409972262,,,,,,,,,,,38,17/1/2021,17/1/2021
KB Lookalike Audience  8%,45-54,unknown,17/1/2021,KB | Chinese New Year | Jan(13 - 26),,,42,,1.109924904,,,,,,,,,,,30,17/1/2021,17/1/2021
KB Lookalike Audience  8%,65+,male,17/1/2021,KB | Chinese New Year | Jan(13 - 26),,,33,,0.229984439,,,,,,,,,,,30,17/1/2021,17/1/2021
KB Lookalike Audience  8%,25-34,unknown,16/1/2021,KB | Chinese New Year | Jan(13 - 26),,,49,,0.72,,,,,,,,,,,38,16/1/2021,16/1/2021
KB Lookalike Audience  8%,55-64,unknown,16/1/2021,KB | Chinese New Year | Jan(13 - 26),,,2,,0.04,,,,,,,,,,,0,16/1/2021,16/1/2021
KB Lookalike Audience  8%,65+,unknown,16/1/2021,KB | Chinese New Year | Jan(13 - 26),,,9,,0.03,,,,,,,,,,,6,16/1/2021,16/1/2021
KB Lookalike Audience  8%,65+,female,16/1/2021,KB | Chinese New Year | Jan(13 - 26),,,64,,0.67,,,,,,,,,,,62,16/1/2021,16/1/2021
KB Lookalike Audience  8%,35-44,male,16/1/2021,KB | Chinese New Year | Jan(13 - 26),,,2497,,35.11,6,6,1082.4,1082.4,,,,,,,1748,16/1/2021,16/1/2021
KB Lookalike Audience  8%,45-54,unknown,16/1/2021,KB | Chinese New Year | Jan(13 - 26),,,60,,1.21,,,,,,,,,,,44,16/1/2021,16/1/2021
KB Lookalike Audience  8%,65+,male,16/1/2021,KB | Chinese New Year | Jan(13 - 26),,,69,,0.69,,,,,,,,,,,46,16/1/2021,16/1/2021
KB Lookalike Audience  8%,55-64,female,16/1/2021,KB | Chinese New Year | Jan(13 - 26),,,125,,2.17,1,1,97.3,97.3,,,,,,,104,16/1/2021,16/1/2021
KB Lookalike Audience  8%,55-64,male,16/1/2021,KB | Chinese New Year | Jan(13 - 26),,,141,,2.32,,,,,,,,,,,110,16/1/2021,16/1/2021
KB Lookalike Audience  8%,35-44,unknown,16/1/2021,KB | Chinese New Year | Jan(13 - 26),,,152,,3.47,,,,,,,,,,,126,16/1/2021,16/1/2021
KB Lookalike Audience  8%,45-54,female,16/1/2021,KB | Chinese New Year | Jan(13 - 26),,,513,,11.67,,,,,,,,,,,426,16/1/2021,16/1/2021
KB Lookalike Audience  8%,45-54,male,16/1/2021,KB | Chinese New Year | Jan(13 - 26),,,588,,11.47,,,,,,,,,,,456,16/1/2021,16/1/2021
KB Lookalike Audience  8%,25-34,female,16/1/2021,KB | Chinese New Year | Jan(13 - 26),Website purchases,1,1505,21.55,21.55,3,3,264.1,264.1,4.979118329,4.97911833,1,1,107.3,107.3,1294,16/1/2021,16/1/2021
KB Lookalike Audience  8%,35-44,female,16/1/2021,KB | Chinese New Year | Jan(13 - 26),Website purchases,2,1551,17.105,34.21,2,2,256.5,256.5,8.55013154,8.55013154,2,2,292.5,292.5,1264,16/1/2021,16/1/2021
KB Lookalike Audience  8%,25-34,male,16/1/2021,KB | Chinese New Year | Jan(13 - 26),,,3545,,35.95,3,3,245.8,245.8,,,,,,,2612,16/1/2021,16/1/2021
KB Lookalike Audience  8%,65+,male,15/1/2021,KB | Chinese New Year | Jan(13 - 26),,,80,,0.934661654,,,,,,,,,,,66,15/1/2021,15/1/2021
KB Lookalike Audience  8%,55-64,male,15/1/2021,KB | Chinese New Year | Jan(13 - 26),,,229,,3.457243108,2,2,388.5,388.5,,,,,,,169,15/1/2021,15/1/2021
KB Lookalike Audience  8%,35-44,unknown,15/1/2021,KB | Chinese New Year | Jan(13 - 26),,,145,,2.974837093,,,,,,,,,,,115,15/1/2021,15/1/2021
KB Lookalike Audience  8%,45-54,unknown,15/1/2021,KB | Chinese New Year | Jan(13 - 26),,,82,,1.356766917,,,,,,,,,,,64,15/1/2021,15/1/2021
KB Lookalike Audience  8%,55-64,female,15/1/2021,KB | Chinese New Year | Jan(13 - 26),,,127,,2.050225564,,,,,,,,,,,92,15/1/2021,15/1/2021
KB Lookalike Audience  8%,25-34,unknown,15/1/2021,KB | Chinese New Year | Jan(13 - 26),,,59,,1.246215539,,,,,,,,,,,32,15/1/2021,15/1/2021
KB Lookalike Audience  8%,65+,female,15/1/2021,KB | Chinese New Year | Jan(13 - 26),,,58,,0.653258145,,,,,,,,,,,48,15/1/2021,15/1/2021
KB Lookalike Audience  8%,55-64,unknown,15/1/2021,KB | Chinese New Year | Jan(13 - 26),,,12,,0.160802005,,,,,,,,,,,10,15/1/2021,15/1/2021
KB Lookalike Audience  8%,65+,unknown,15/1/2021,KB | Chinese New Year | Jan(13 - 26),,,7,,0.060300752,,,,,,,,,,,7,15/1/2021,15/1/2021
KB Lookalike Audience  8%,25-34,female,15/1/2021,KB | Chinese New Year | Jan(13 - 26),,,1096,,16.43195489,,,,,,,,,,,935,15/1/2021,15/1/2021
KB Lookalike Audience  8%,45-54,male,15/1/2021,KB | Chinese New Year | Jan(13 - 26),,,810,,14.22092732,5,5,474.95,474.95,,,,,,,565,15/1/2021,15/1/2021
KB Lookalike Audience  8%,45-54,female,15/1/2021,KB | Chinese New Year | Jan(13 - 26),,,480,,11.34659148,,,,,,,,,,,388,15/1/2021,15/1/2021
KB Lookalike Audience  8%,35-44,female,15/1/2021,KB | Chinese New Year | Jan(13 - 26),Website purchases,1,1180,22.86403509,22.86403509,6,6,746.6,746.6,4.692959908,4.69295991,1,1,107.3,107.3,893,15/1/2021,15/1/2021
KB Lookalike Audience  8%,25-34,male,15/1/2021,KB | Chinese New Year | Jan(13 - 26),Website purchases,2,3529,17.76862155,35.53724311,5,5,798.1,798.1,13.16084083,13.16084083,2,2,467.7,467.7,2483,15/1/2021,15/1/2021
KB Lookalike Audience  8%,35-44,male,15/1/2021,KB | Chinese New Year | Jan(13 - 26),,,2666,,35.07493734,3,3,563.7,563.7,,,,,,,1801,15/1/2021,15/1/2021
KB Lookalike Audience  8%,55-64,female,14/1/2021,KB | Chinese New Year | Jan(13 - 26),,,128,,1.920127949,,,,,,,,,,,92,14/1/2021,14/1/2021
KB Lookalike Audience  8%,35-44,female,14/1/2021,KB | Chinese New Year | Jan(13 - 26),Website purchases,1,1215,21.00139944,21.00139944,2,2,343.5,343.5,6.154351779,6.15435178,1,1,129.25,129.25,914,14/1/2021,14/1/2021
KB Lookalike Audience  8%,35-44,male,14/1/2021,KB | Chinese New Year | Jan(13 - 26),Website purchases,1,2980,38.8425883,38.8425883,1,1,194.25,194.25,5.258403442,5.25840344,1,1,204.25,204.25,1898,14/1/2021,14/1/2021
KB Lookalike Audience  8%,25-34,male,14/1/2021,KB | Chinese New Year | Jan(13 - 26),Website purchases,1,4010,38.16254298,38.16254298,4,4,545,545,2.811657495,2.81165749,1,1,107.3,107.3,2788,14/1/2021,14/1/2021
KB Lookalike Audience  8%,45-54,female,14/1/2021,KB | Chinese New Year | Jan(13 - 26),,,427,,9.940662402,,,,,,,,,,,330,14/1/2021,14/1/2021
KB Lookalike Audience  8%,55-64,male,14/1/2021,KB | Chinese New Year | Jan(13 - 26),,,262,,4.030268559,,,,,,,,,,,170,14/1/2021,14/1/2021
KB Lookalike Audience  8%,45-54,male,14/1/2021,KB | Chinese New Year | Jan(13 - 26),,,854,,14.54096895,1,1,97.3,97.3,,,,,,,562,14/1/2021,14/1/2021
KB Lookalike Audience  8%,35-44,unknown,14/1/2021,KB | Chinese New Year | Jan(13 - 26),Website purchases,1,124,2.510167266,2.510167266,1,1,194.25,194.25,122.1233358,122.1233358,1,1,306.55,306.55,72,14/1/2021,14/1/2021
KB Lookalike Audience  8%,25-34,unknown,14/1/2021,KB | Chinese New Year | Jan(13 - 26),,,41,,0.800053312,,,,,,,,,,,24,14/1/2021,14/1/2021
KB Lookalike Audience  8%,65+,unknown,14/1/2021,KB | Chinese New Year | Jan(13 - 26),,,5,,0.050003332,,,,,,,,,,,5,14/1/2021,14/1/2021
KB Lookalike Audience  8%,65+,male,14/1/2021,KB | Chinese New Year | Jan(13 - 26),,,71,,0.530035319,,,,,,,,,,,48,14/1/2021,14/1/2021
KB Lookalike Audience  8%,25-34,female,14/1/2021,KB | Chinese New Year | Jan(13 - 26),Website purchases,1,1106,15.87105758,15.87105758,8,8,1022.8,1022.8,38.37488441,38.37488441,1,1,609.05,609.05,922,14/1/2021,14/1/2021
KB Lookalike Audience  8%,55-64,unknown,14/1/2021,KB | Chinese New Year | Jan(13 - 26),,,10,,0.11000733,,,,,,,,,,,6,14/1/2021,14/1/2021
KB Lookalike Audience  8%,65+,female,14/1/2021,KB | Chinese New Year | Jan(13 - 26),,,45,,0.570037985,,,,,,,,,,,45,14/1/2021,14/1/2021
KB Lookalike Audience  8%,45-54,unknown,14/1/2021,KB | Chinese New Year | Jan(13 - 26),,,49,,1.190079302,,,,,,,,,,,26,14/1/2021,14/1/2021
KB Lookalike Audience  8%,65+,female,13/1/2021,KB | Chinese New Year | Jan(13 - 26),,,16,,0.1,,,,,,,,,,,16,13/1/2021,13/1/2021
KB Lookalike Audience  8%,45-54,female,13/1/2021,KB | Chinese New Year | Jan(13 - 26),,,232,,5.11,,,,,,,,,,,224,13/1/2021,13/1/2021
KB Lookalike Audience  8%,25-34,male,13/1/2021,KB | Chinese New Year | Jan(13 - 26),Website purchases,1,1385,10.29,10.29,3,3,369.8,369.8,10.91350826,10.91350826,1,1,112.3,112.3,1306,13/1/2021,13/1/2021
KB Lookalike Audience  8%,35-44,male,13/1/2021,KB | Chinese New Year | Jan(13 - 26),Website purchases,1,979,10.66,10.66,,,,,10.06566604,10.06566604,1,1,107.3,107.3,928,13/1/2021,13/1/2021
KB Lookalike Audience  8%,35-44,female,13/1/2021,KB | Chinese New Year | Jan(13 - 26),,,629,,10.26,1,1,119.25,119.25,,,,,,,610,13/1/2021,13/1/2021
KB Lookalike Audience  8%,25-34,female,13/1/2021,KB | Chinese New Year | Jan(13 - 26),,,593,,6.97,1,1,194.25,194.25,,,,,,,566,13/1/2021,13/1/2021
KB Lookalike Audience  8%,45-54,male,13/1/2021,KB | Chinese New Year | Jan(13 - 26),,,288,,4.62,,,,,,,,,,,281,13/1/2021,13/1/2021
KB Lookalike Audience  8%,55-64,female,13/1/2021,KB | Chinese New Year | Jan(13 - 26),,,44,,0.45,,,,,,,,,,,44,13/1/2021,13/1/2021
KB Lookalike Audience  8%,55-64,male,13/1/2021,KB | Chinese New Year | Jan(13 - 26),,,68,,1.04,,,,,,,,,,,67,13/1/2021,13/1/2021
KB Lookalike Audience  8%,25-34,unknown,13/1/2021,KB | Chinese New Year | Jan(13 - 26),,,15,,0.2,,,,,,,,,,,14,13/1/2021,13/1/2021
KB Lookalike Audience  8%,35-44,unknown,13/1/2021,KB | Chinese New Year | Jan(13 - 26),,,33,,1.16,2,2,238.5,238.5,,,,,,,32,13/1/2021,13/1/2021
KB Lookalike Audience  8%,65+,male,13/1/2021,KB | Chinese New Year | Jan(13 - 26),,,24,,0.18,,,,,,,,,,,24,13/1/2021,13/1/2021
KB Lookalike Audience  8%,55-64,unknown,13/1/2021,KB | Chinese New Year | Jan(13 - 26),,,2,,0.01,,,,,,,,,,,2,13/1/2021,13/1/2021
KB Lookalike Audience  8%,65+,unknown,13/1/2021,KB | Chinese New Year | Jan(13 - 26),,,3,,0.03,,,,,,,,,,,3,13/1/2021,13/1/2021
KB Lookalike Audience  8%,45-54,unknown,13/1/2021,KB | Chinese New Year | Jan(13 - 26),,,16,,0.23,,,,,,,,,,,15,13/1/2021,13/1/2021
